t,partition,method,phase,inner_measure,outer_measure,gap,certified,volume_ratio,cones,networks,coverage
2.04467336833477,pp,H,A,73635.01291264102,93088068.48,1263.182143764104,False,,1,,
2.2165454684291035,pp,H,A,73635.01291264102,75577.14392006936,0.026375102422164787,False,0.026375102422165012,1,,
2.250637168297544,pp,H,B,74618.31079530745,75577.14392006936,0.012849836917270485,False,0.026375102422165012,1,1,False
2.4810389683116227,pp,H,C,74618.31079530745,75212.78452228478,0.007966861225364497,False,0.026375102422165012,1,1,True
2.4888943682890385,pp,H,C,74618.31079530745,75212.78452228478,0.007966861225364497,True,0.026375102422165012,1,1,True
4.43344516842626,pn,H,A,840332.4820597562,93088068.48,109.77528295922815,False,,1,,
4.578853068407625,pn,H,A,840332.4820597562,6427869.218502403,6.649197616099429,False,7.290567080934833,1,,
4.786334968404844,pn,H,A,2419584.968657157,6535184.999686966,1.7009528842105186,False,5.4565398792116175,2,,
6.795879668323323,pn,H,A,2419584.968657157,4109843.351138885,0.6985736828328055,False,0.6985736828328055,2,,
7.100247968453914,pn,H,A,3036062.0304026823,4055945.846295812,0.3359232471801177,False,0.9142953927395225,3,,
7.347765068290755,pn,H,A,3036062.0304026823,3045497.1024895124,0.003107667759205457,False,0.003107667759205365,3,,
7.348929168423638,pn,H,A,3036062.030402683,3045497.102489513,0.003107667759205235,True,0.003107667759205365,3,0,False
18.257681568386033,np,H,A,627783.4647927288,93088068.48,147.28053572697124,False,,1,,
18.679355768254027,np,H,A,627783.4647927288,32639795.361674536,50.99212338676522,False,119.11550412218718,1,,
19.272864868398756,np,H,A,9619563.387607137,20112696.34795969,1.090811769468751,False,8.295444850493249,2,,
19.731180968228728,np,H,A,9619563.387607137,14406534.288435852,0.497628708075853,False,0.5006540184114884,2,,
20.361405068309978,np,H,A,11301772.551592583,13093620.655637302,0.15854575871748722,False,0.3258033706917242,3,,
20.842110368423164,np,H,A,11301772.551592583,12710807.973247372,0.12467384343673027,False,0.12467384343673006,3,,
20.88690176839009,np,H,B,11942377.938816782,12710807.973247372,0.06434480958209599,False,0.12467384343673006,3,5,False
20.91999626834877,np,H,B,11969520.75230754,12710807.973247372,0.06193123653651078,False,0.12467384343673006,3,5,False
20.939353168243542,np,H,B,11989588.37165345,12710807.973247372,0.060153825072016165,False,0.12467384343673006,3,5,False
20.989063568413258,np,H,B,12014788.635156397,12710807.973247372,0.057930219101346214,False,0.12467384343673006,3,5,False
21.009094268316403,np,H,B,12036060.111598626,12710807.973247372,0.05606052606853629,False,0.12467384343673006,3,5,False
21.04274726845324,np,H,B,12039488.807210866,12710807.973247372,0.0557597732583488,False,0.12467384343673006,3,5,False
21.076485568424687,np,H,B,12073984.940661121,12710807.973247372,0.05274340126445276,False,0.12467384343673006,3,5,False
21.16565226833336,np,H,B,12078890.155555459,12710807.973247372,0.05231588412129695,False,0.12467384343673006,3,5,False
21.18366526835598,np,H,B,12081590.083530815,12710807.973247372,0.05208071829669869,False,0.12467384343673006,3,5,False
21.263177268439904,np,H,B,12086211.661335194,12710807.973247372,0.05167841912865989,False,0.12467384343673006,3,5,False
21.28316996828653,np,H,B,12086212.301441606,12710807.973247372,0.05167836342997756,False,0.12467384343673006,3,5,False
21.30044576828368,np,H,B,12088233.53415406,12710807.973247372,0.05150251584189647,False,0.12467384343673006,3,5,False
21.318482268368825,np,H,B,12088310.421168309,12710807.973247372,0.051495827819658224,False,0.12467384343673006,3,5,False
21.33730886830017,np,H,B,12088687.81713628,12710807.973247372,0.05146300123899361,False,0.12467384343673006,3,5,False
21.356172068277374,np,H,B,12088738.482794294,12710807.973247372,0.051458594404904856,False,0.12467384343673006,3,5,False
21.395087668439373,np,H,B,12088743.04075471,12710807.973247372,0.051458197961152585,False,0.12467384343673006,3,5,False
21.430264368420467,np,H,B,12089329.64737314,12710807.973247372,0.05140717839630349,False,0.12467384343673006,3,5,False
21.449390368303284,np,H,B,12091289.26080977,12710807.973247372,0.05123677873174226,False,0.12467384343673006,3,5,False
21.46762526826933,np,H,B,12091422.737751892,12710807.973247372,0.05122517415271832,False,0.12467384343673006,3,5,False
21.48926366842352,np,H,B,12091865.528523965,12710807.973247372,0.05118667944688604,False,0.12467384343673006,3,5,False
21.5589464684017,np,H,B,12091876.351534037,12710807.973247372,0.05118573856693587,False,0.12467384343673006,3,5,False
21.617819068254903,np,H,B,12092189.206647657,12710807.973247372,0.05115854176840284,False,0.12467384343673006,3,5,False
21.639552268432453,np,H,B,12093410.767537912,12710807.973247372,0.051052363768766096,False,0.12467384343673006,3,5,False
21.659480268368497,np,H,B,12108967.389501596,12710807.973247372,0.04970205669787897,False,0.12467384343673006,3,5,False
21.69961006822996,np,H,B,12109741.823684573,12710807.973247372,0.04963492684767368,False,0.12467384343673006,3,5,False
21.756653868360445,np,H,B,12112235.330842547,12710807.973247372,0.0494188418615531,False,0.12467384343673006,3,5,False
21.848319268319756,np,H,B,12112460.167017134,12710807.973247372,0.049399362142760195,False,0.12467384343673006,3,5,False
21.86858786828816,np,H,B,12112774.040801968,12710807.973247372,0.04937216944945244,False,0.12467384343673006,3,5,False
21.909717368427664,np,H,B,12113115.132999646,12710807.973247372,0.04934262026614755,False,0.12467384343673006,3,5,False
21.931472168304026,np,H,B,12114512.508732457,12710807.973247372,0.04922158147800748,False,0.12467384343673006,3,5,False
21.951599568361416,np,H,B,12129783.095209159,12710807.973247372,0.047900681609689855,False,0.12467384343673006,3,5,False
21.98998196842149,np,H,B,12130614.643398812,12710807.973247372,0.047828848488257414,False,0.12467384343673006,3,5,False
22.025075768353418,np,H,B,12133579.456113525,12710807.973247372,0.047572813877524656,False,0.12467384343673006,3,5,False
22.06239536823705,np,H,B,12137355.482195796,12710807.973247372,0.04724690579366886,False,0.12467384343673006,3,5,False
26.05906016845256,np,H,B,12140743.19491263,12710807.973247372,0.04695468549022741,False,0.12467384343673006,3,5,False
26.07745176833123,np,H,B,12140845.4473644,12710807.973247372,0.04694586784371779,False,0.12467384343673006,3,5,False
26.111950568389148,np,H,B,12141240.256013304,12710807.973247372,0.04691182327538357,False,0.12467384343673006,3,5,False
26.130559068406,np,H,B,12143461.821296632,12710807.973247372,0.04672029774538866,False,0.12467384343673006,3,5,False
30.25952586834319,np,H,B,12145614.306500573,12710807.973247372,0.04653479457554455,False,0.12467384343673006,3,6,False
30.27892596833408,np,H,B,12146993.967797954,12710807.973247372,0.04641592866054811,False,0.12467384343673006,3,6,False
30.298440468264744,np,H,B,12148335.233022999,12710807.973247372,0.04630039667454966,False,0.12467384343673006,3,6,False
30.318889368325472,np,H,B,12151484.077472903,12710807.973247372,0.04602926623681913,False,0.12467384343673006,3,6,False
30.35328566841781,np,H,B,12159438.05382573,12710807.973247372,0.04534501651975309,False,0.12467384343673006,3,6,False
30.3723814683035,np,H,B,12163476.978458494,12710807.973247372,0.04499790608871135,False,0.12467384343673006,3,6,False
30.431235268246382,np,H,B,12164416.098111033,12710807.973247372,0.044917229954110516,False,0.12467384343673006,3,6,False
30.48380196839571,np,H,B,12164491.63692949,12710807.973247372,0.044910741247858654,False,0.12467384343673006,3,6,False
38.62028956832364,np,H,C,12164491.63692949,12226294.763620472,0.00508061730285192,False,0.12467384343673006,3,6,True
38.78501166845672,np,H,C,12164491.63692949,12226294.763620472,0.00508061730285192,True,0.12467384343673006,3,6,True
66.88284436822869,nn,H,A,11558846.89790098,93088068.48,7.053404401169486,False,,1,,
67.58692436828278,nn,H,A,11558846.89790098,27711991.910385586,1.397470280138231,False,1.397470280138231,1,,
68.77182196825743,nn,H,A,17510293.173743606,27183363.123227786,0.5524219299759521,False,0.8541839138450759,2,,
69.65876676840708,nn,H,A,17510293.173743606,23811786.88704593,0.3598736840540917,False,0.3598736840540915,2,,
70.96917316829786,nn,H,A,20635646.424179636,23030617.356416784,0.11605989378800663,False,0.2574016594417732,3,,
71.80629026843235,nn,H,A,20635646.424179636,21453946.095745318,0.03965466623845848,False,0.03965466623845859,3,,
71.851970868418,nn,H,B,20668082.61811747,21453946.09574532,0.03802304704060799,False,0.03965466623845859,3,12,False
71.87495766836219,nn,H,B,20668082.618117474,21453946.09574532,0.03802304704060777,False,0.03965466623845859,3,12,False
71.92993166833185,nn,H,B,20678061.110675473,21453946.09574532,0.03752213425219453,False,0.03965466623845859,3,12,False
71.98248686827719,nn,H,B,20723815.385677192,21453946.09574532,0.03523148109940899,False,0.03965466623845859,3,12,False
72.0501771683339,nn,H,B,20723960.51386413,21453946.09574532,0.035224231458694355,False,0.03965466623845859,3,12,False
72.1877626683563,nn,H,B,20723960.518691324,21453946.09574532,0.035224231217561464,False,0.03965466623845859,3,12,False
72.2056864683982,nn,H,B,20724093.161108192,21453946.09574532,0.03521760537183871,False,0.03965466623845859,3,12,False
72.22518756822683,nn,H,B,20724094.433738783,21453946.09574532,0.03521754180092618,False,0.03965466623845859,3,12,False
72.27222126838751,nn,H,B,20730389.420899548,21453946.09574532,0.03490318778654067,False,0.03965466623845859,3,12,False
72.29347586841322,nn,H,B,20730615.21372818,21453946.09574532,0.034891915872238055,False,0.03965466623845859,3,12,False
72.4276213683188,nn,H,B,20730615.213728175,21453946.09574532,0.03489191587223828,False,0.03965466623845859,3,12,False
72.44731636834331,nn,H,B,20730616.189373437,21453946.09574532,0.03489186716710635,False,0.03965466623845859,3,12,False
72.53960126824677,nn,H,B,20730616.424790647,21453946.09574532,0.03489185541485784,False,0.03965466623845859,3,12,False
72.55933096841909,nn,H,B,20730880.4456102,21453946.09574532,0.0348786754152659,False,0.03965466623845859,3,12,False
72.58096076827496,nn,H,B,20730880.840217274,21453946.09574532,0.034878655716612084,False,0.03965466623845859,3,12,False
72.67370856832713,nn,H,B,20730880.84021727,21453946.09574532,0.034878655716612306,False,0.03965466623845859,3,12,False
72.71645446843468,nn,H,B,20731658.12088018,21453946.09574532,0.03483985557998759,False,0.03965466623845859,3,12,False
72.73734746826813,nn,H,B,20731658.37372084,21453946.09574532,0.03483984295921272,False,0.03965466623845859,3,12,False
72.88875626842491,nn,H,B,20731658.380202733,21453946.09574532,0.03483984263566309,False,0.03965466623845859,3,12,False
72.90958686824888,nn,H,B,20731680.35100704,21453946.09574532,0.03483874594387126,False,0.03965466623845859,3,12,False
72.93420426826924,nn,H,B,20731680.363971476,21453946.09574532,0.034838745296740914,False,0.03965466623845859,3,12,False
73.00796926836483,nn,H,B,20731680.36397147,21453946.09574532,0.034838745296741136,False,0.03965466623845859,3,12,False
73.10966866835952,nn,H,B,20731682.120806836,21453946.09574532,0.03483865760287741,False,0.03965466623845859,3,12,False
73.15780336828902,nn,H,B,20731807.94401713,21453946.09574532,0.034832377073828136,False,0.03965466623845859,3,12,False
73.24055246845819,nn,H,B,20732702.708344564,21453946.09574532,0.03478771665936575,False,0.03965466623845859,3,12,False
73.26444156840444,nn,H,B,20732771.158895127,21453946.09574532,0.03478430024250678,False,0.03965466623845859,3,12,False
73.31179136829451,nn,H,B,20742293.882256463,21453946.09574532,0.034309233951102414,False,0.03965466623845859,3,12,False
75.67278766841628,nn,H,C,20742293.882256463,20823673.67277821,0.003923374675129931,False,0.03965466623845859,3,12,True
75.80640286835842,nn,H,C,20742293.882256463,20823673.67277821,0.003923374675129931,True,0.03965466623845859,3,12,True
2.04467336833477,all,H,A,73635.01291264102,372352273.92,5055.728575056416,0,,,,
2.2165454684291035,all,H,A,73635.01291264102,279339782.58392006,3792.572806394734,0,,,,
2.250637168297544,all,H,B,74618.31079530745,279339782.58392006,3742.5822334574614,0,,,,
2.4810389683116227,all,H,C,74618.31079530745,279339418.2245223,3742.57735048177,0,,,,
2.4888943682890385,all,H,C,74618.31079530745,279339418.2245223,3742.57735048177,1,,,,
4.43344516842626,all,H,A,914950.7928550637,279339418.2245223,304.30540047170837,1,,,,
4.578853068407625,all,H,A,914950.7928550637,192679218.9630247,209.58970653687035,1,,,,
4.786334968404844,all,H,A,2494203.2794524645,192786534.74420926,76.29383420044671,1,,,,
6.795879668323323,all,H,A,2494203.2794524645,190361193.0956612,75.3214428687023,1,,,,
7.100247968453914,all,H,A,3110680.34119799,190307295.5908181,60.17867306080273,1,,,,
7.347765068290755,all,H,A,3110680.34119799,189296846.8470118,59.853840987759455,1,,,,
7.348929168423638,all,H,A,3110680.341197991,189296846.8470118,59.85384098775944,2,,,,
18.257681568386033,all,H,A,3738463.8059907192,189296846.8470118,49.63492832100505,2,,,,
18.679355768254027,all,H,A,3738463.8059907192,128848573.72868633,33.46564696499464,2,,,,
19.272864868398756,all,H,A,12730243.728805127,116321474.7149715,8.137411442623616,2,,,,
19.731180968228728,all,H,A,12730243.728805127,110615312.65544765,7.689174772447982,2,,,,
20.361405068309978,all,H,A,14412452.892790573,109302399.02264911,6.583885951663688,2,,,,
20.842110368423164,all,H,A,14412452.892790573,108919586.34025918,6.557324707353817,2,,,,
20.88690176839009,all,H,B,15053058.280014772,108919586.34025918,6.235711462358883,2,,,,
20.91999626834877,all,H,B,15080201.09350553,108919586.34025918,6.222687924709884,2,,,,
20.939353168243542,all,H,B,15100268.71285144,108919586.34025918,6.213089277514683,2,,,,
20.989063568413258,all,H,B,15125468.976354387,108919586.34025918,6.201071683167837,2,,,,
21.009094268316403,all,H,B,15146740.452796616,108919586.34025918,6.190958786129383,2,,,,
21.04274726845324,all,H,B,15150169.148408856,108919586.34025918,6.189331371372737,2,,,,
21.076485568424687,all,H,B,15184665.281859111,108919586.34025918,6.172998832604085,2,,,,
21.16565226833336,all,H,B,15189570.496753449,108919586.34025918,6.170682433946316,2,,,,
21.18366526835598,all,H,B,15192270.424728805,108919586.34025918,6.169408080241139,2,,,,
21.263177268439904,all,H,B,15196892.002533184,108919586.34025918,6.167227767500306,2,,,,
21.28316996828653,all,H,B,15196892.642639596,108919586.34025918,6.167227465610403,2,,,,
21.30044576828368,all,H,B,15198913.87535205,108919586.34025918,6.166274329436997,2,,,,
21.318482268368825,all,H,B,15198990.762366299,108919586.34025918,6.166238077461777,2,,,,
21.33730886830017,all,H,B,15199368.15833427,108919586.34025918,6.166060141818152,2,,,,
21.356172068277374,all,H,B,15199418.823992284,108919586.34025918,6.166036254513205,2,,,,
21.395087668439373,all,H,B,15199423.3819527,108919586.34025918,6.16603410558237,2,,,,
21.430264368420467,all,H,B,15200009.98857113,108919586.34025918,6.165757550301328,2,,,,
21.449390368303284,all,H,B,15201969.60200776,108919586.34025918,6.164833846653259,2,,,,
21.46762526826933,all,H,B,15202103.078949882,108919586.34025918,6.1647709382446205,2,,,,
21.48926366842352,all,H,B,15202545.869721955,108919586.34025918,6.16456225645654,2,,,,
21.5589464684017,all,H,B,15202556.692732027,108919586.34025918,6.164557155858592,2,,,,
21.617819068254903,all,H,B,15202869.547845647,108919586.34025918,6.1644097186701075,2,,,,
21.639552268432453,all,H,B,15204091.108735902,108919586.34025918,6.163834099736262,2,,,,
21.659480268368497,all,H,B,15219647.730699586,108919586.34025918,6.156511653062589,2,,,,
21.69961006822996,all,H,B,15220422.164882563,108919586.34025918,6.156147520767508,2,,,,
21.756653868360445,all,H,B,15222915.672040537,108919586.34025918,6.154975346825868,2,,,,
21.848319268319756,all,H,B,15223140.508215124,108919586.34025918,6.154869672357096,2,,,,
21.86858786828816,all,H,B,15223454.381999958,108919586.34025918,6.154722154851036,2,,,,
21.909717368427664,all,H,B,15223795.474197635,108919586.34025918,6.154561851863012,2,,,,
21.931472168304026,all,H,B,15225192.849930447,108919586.34025918,6.15390520263635,2,,,,
21.951599568361416,all,H,B,15240463.436407149,108919586.34025918,6.146737157616012,2,,,,
21.98998196842149,all,H,B,15241294.984596802,108919586.34025918,6.146347239544657,2,,,,
22.025075768353418,all,H,B,15244259.797311515,108919586.34025918,6.144957366802965,2,,,,
22.06239536823705,all,H,B,15248035.823393786,108919586.34025918,6.143187988393428,2,,,,
26.05906016845256,all,H,B,15251423.53611062,108919586.34025918,6.141601312321537,2,,,,
26.07745176833123,all,H,B,15251525.78856239,108919586.34025918,6.141553432112444,2,,,,
26.111950568389148,all,H,B,15251920.597211294,108919586.34025918,6.141368567062587,2,,,,
26.130559068406,all,H,B,15254142.162494622,108919586.34025918,6.1403285206073335,2,,,,
30.25952586834319,all,H,B,15256294.647698563,108919586.34025918,6.139321103547897,2,,,,
30.27892596833408,all,H,B,15257674.308995944,108919586.34025918,6.138675536942092,2,,,,
30.298440468264744,all,H,B,15259015.574220989,108919586.34025918,6.1380480484121795,2,,,,
30.318889368325472,all,H,B,15262164.418670893,108919586.34025918,6.136575347531504,2,,,,
30.35328566841781,all,H,B,15270118.39502372,108919586.34025918,6.132858012139204,2,,,,
30.3723814683035,all,H,B,15274157.319656484,108919586.34025918,6.130971880202474,2,,,,
30.431235268246382,all,H,B,15275096.439309023,108919586.34025918,6.130533464912527,2,,,,
30.48380196839571,all,H,B,15275171.97812748,108919586.34025918,6.130498202980703,2,,,,
38.62028956832364,all,H,C,15275171.97812748,108435073.13063227,6.098779201039468,2,,,,
38.78501166845672,all,H,C,15275171.97812748,108435073.13063227,6.098779201039468,3,,,,
66.88284436822869,all,H,A,26834018.87602846,108435073.13063227,3.0409553869510093,3,,,,
67.58692436828278,all,H,A,26834018.87602846,43058996.561017856,0.6046421059755458,3,,,,
68.77182196825743,all,H,A,32785465.151871085,42530367.77386005,0.29723240395852124,3,,,,
69.65876676840708,all,H,A,32785465.151871085,39158791.5376782,0.19439487456664573,3,,,,
70.96917316829786,all,H,A,35910818.402307115,38377622.007049054,0.06869249197014837,3,,,,
71.80629026843235,all,H,A,35910818.402307115,36800950.74637759,0.024787303204799382,3,,,,
71.851970868418,all,H,B,35943254.59624495,36800950.74637759,0.02386250660290057,3,,,,
71.87495766836219,all,H,B,35943254.59624495,36800950.74637759,0.02386250660290057,3,,,,
71.92993166833185,all,H,B,35953233.088802956,36800950.74637759,0.023578342884513548,3,,,,
71.98248686827719,all,H,B,35998987.363804676,36800950.74637759,0.022277387262821913,3,,,,
72.0501771683339,all,H,B,35999132.49199161,36800950.74637759,0.022273266017295068,3,,,,
72.1877626683563,all,H,B,35999132.4968188,36800950.74637759,0.022273265880216497,3,,,,
72.2056864683982,all,H,B,35999265.139235675,36800950.74637759,0.022269499225642697,3,,,,
72.22518756822683,all,H,B,35999266.41186626,36800950.74637759,0.02226946308681077,3,,,,
72.27222126838751,all,H,B,36005561.39902703,36800950.74637759,0.022090735887596802,3,,,,
72.29347586841322,all,H,B,36005787.19185566,36800950.74637759,0.02208432634134394,3,,,,
72.4276213683188,all,H,B,36005787.191855654,36800950.74637759,0.022084326341344163,3,,,,
72.44731636834331,all,H,B,36005788.16750092,36800950.74637759,0.02208429864602679,3,,,,
72.53960126824677,all,H,B,36005788.40291813,36800950.74637759,0.02208429196331707,3,,,,
72.55933096841909,all,H,B,36006052.42373768,36800950.74637759,0.022076797347432953,3,,,,
72.58096076827496,all,H,B,36006052.81834476,36800950.74637759,0.022076786146018046,3,,,,
72.67370856832713,all,H,B,36006052.81834475,36800950.74637759,0.022076786146018268,3,,,,
72.71645446843468,all,H,B,36006830.09900766,36800950.74637759,0.02205472253976093,3,,,,
72.73734746826813,all,H,B,36006830.35184832,36800950.74637759,0.022054715362872956,3,,,,
72.88875626842491,all,H,B,36006830.35833021,36800950.74637759,0.022054715178884132,3,,,,
72.90958686824888,all,H,B,36006852.329134524,36800950.74637759,0.022054091537474507,3,,,,
72.93420426826924,all,H,B,36006852.34209896,36800950.74637759,0.022054091169479317,3,,,,
73.00796926836483,all,H,B,36006852.34209895,36800950.74637759,0.02205409116947954,3,,,,
73.10966866835952,all,H,B,36006854.098934315,36800950.74637759,0.022054041301730276,3,,,,
73.15780336828902,all,H,B,36006979.922144614,36800950.74637759,0.022050469824176355,3,,,,
73.24055246845819,all,H,B,36007874.68647204,36800950.74637759,0.022025072760084363,3,,,,
73.26444156840444,all,H,B,36007943.13702261,36800950.74637759,0.02202312990601296,3,,,,
73.31179136829451,all,H,B,36017465.86038394,36800950.74637759,0.021752915350310875,3,,,,
75.67278766841628,all,H,C,36017465.86038394,36170678.32341048,0.004253837946857297,3,,,,
75.80640286835842,all,H,C,36017465.86038394,36170678.32341048,0.004253837946857297,4,,,,
