global_iteration,query_number,outer_round,phase,iteration,cut_count_before,lower_bound,upper_bound,violation,candidate_cost_cny,candidate_lambda,design_capacity,design,candidate_x,master_bound,absolute_gap,cut_added,cut_id,cut_count_after,cut_margin_at_candidate,dual_stationarity_error,dual_normalization,dual_min_multiplier,strong_duality_error,action,master_status
1,1,1,MP2,1,0,1.1822835049578209,3.0,0.625,58340.0,3.0,1.1822835049578209,12:M; 02:H; 23:H,"[0, 0, 0, 0, 1, 0, 0, 0, 0, 0, 0, 1, 0, 0, 1]",3.0,1.8177164950421791,True,1.0,1,-0.625,0.0,1.0,-0.0,0.0,add_cut,optimal
2,1,1,MP2,2,1,1.1822835049578209,2.375,0.14166666666666666,58340.0,2.375,1.1822835049578209,12:M; 02:H; 23:H,"[0, 0, 0, 0, 1, 0, 0, 0, 0, 0, 0, 1, 0, 0, 1]",2.375,1.1927164950421791,True,2.0,2,-0.14166666666666666,0.0,1.0,-0.0,0.0,add_cut,optimal
3,1,1,MP2,3,2,1.4841965002576183,2.375,0.07669007407495956,47300.0,2.375,1.4841965002576183,01:H; 13:L; 02:H,"[0, 0, 1, 0, 0, 0, 1, 0, 0, 0, 0, 1, 0, 0, 0]",2.375,0.8908034997423817,True,3.0,3,-0.07669007407495959,4.336808689942018e-19,1.0,-0.0,2.7755575615628914e-17,add_cut,optimal
4,1,1,MP2,4,3,2.011144422493353,2.375,0.02820734584871912,57620.0,2.375,2.011144422493353,01:H; 13:M; 02:H,"[0, 0, 1, 0, 0, 0, 0, 1, 0, 0, 0, 1, 0, 0, 0]",2.375,0.363855577506647,True,4.0,4,-0.028207345848719007,4.336808689942018e-19,1.0,-0.0,1.1449174941446927e-16,add_cut,optimal
5,1,1,MP2,5,4,2.375,2.375,0.0,62900.0,2.375,2.375,01:H; 13:H; 02:H,"[0, 0, 1, 0, 0, 0, 0, 0, 1, 0, 0, 1, 0, 0, 0]",2.375,0.0,False,,4,0.0,0.0,1.0,-0.0,0.0,accept,optimal
6,2,1,MP1,1,4,42460.0,inf,0.12702810260429262,42460.0,2.375,1.0892905149680527,01:M; 13:L; 02:H,"[0, 1, 0, 0, 0, 0, 1, 0, 0, 0, 0, 1, 0, 0, 0]",42460.0,inf,True,5.0,5,-0.1270281026042926,0.0,1.0,-0.0,2.7755575615628914e-17,add_cut,optimal
7,2,1,MP1,2,5,52379.99999999999,inf,0.1183140510095062,52380.0,2.375,1.1247552090055435,01:H; 02:M; 23:L,"[0, 0, 1, 0, 0, 0, 0, 0, 0, 0, 1, 0, 1, 0, 0]",52379.99999999999,inf,True,6.0,6,-0.11831405100950604,2.168404344971009e-19,1.0,-0.0,1.6653345369377348e-16,add_cut,optimal
8,2,1,MP1,3,6,52780.0,inf,0.1,52780.0,2.375,1.3486306864428825,01:M; 13:M; 02:H,"[0, 1, 0, 0, 0, 0, 0, 1, 0, 0, 0, 1, 0, 0, 0]",52780.0,inf,True,7.0,7,-0.1,0.0,1.0,-0.0,0.0,add_cut,optimal
9,2,1,MP1,4,7,54140.0,inf,0.05669860961051805,54140.0,2.375,1.6732717146455303,01:M; 02:H; 23:L,"[0, 1, 0, 0, 0, 0, 0, 0, 0, 0, 0, 1, 1, 0, 0]",54140.0,inf,True,8.0,8,-0.056698609610517925,0.0,1.0,-0.0,1.249000902703301e-16,add_cut,optimal
10,2,1,MP1,5,8,54780.0,inf,0.09842662416342678,54780.0,2.375,1.296358179216414,01:H; 02:M; 23:M,"[0, 0, 1, 0, 0, 0, 0, 0, 0, 0, 1, 0, 0, 1, 0]",54780.0,inf,True,9.0,9,-0.09842662416342676,2.168404344971009e-19,1.0,-0.0,1.3877787807814457e-17,add_cut,optimal
11,2,1,MP1,6,9,56300.0,56300.0,0.0,56300.0,2.375,2.375,01:H; 13:H; 02:M,"[0, 0, 1, 0, 0, 0, 0, 0, 1, 0, 1, 0, 0, 0, 0]",56300.0,0.0,False,,9,0.0,0.0,1.0,-0.0,0.0,accept,optimal
12,3,2,MP2,1,9,0.8198933685611147,2.250000000000008,0.1597412048321923,53800.0,2.25,0.8198933685611147,01:H; 02:L; 23:H,"[0, 0, 1, 0, 0, 0, 0, 0, 0, 1, 0, 0, 0, 0, 1]",2.250000000000008,1.4301066314388933,True,10.0,10,-0.15974120483219245,0.0,1.0,-0.0,1.3877787807814457e-16,add_cut,optimal
13,3,2,MP2,2,10,1.4,2.2500000000000004,0.08854166666666667,47080.0,2.25,1.4,01:L; 02:H; 23:M,"[1, 0, 0, 0, 0, 0, 0, 0, 0, 0, 0, 1, 0, 1, 0]",2.2500000000000004,0.8500000000000005,True,11.0,11,-0.08854166666666663,8.673617379884035e-19,1.0,-0.0,4.163336342344337e-17,add_cut,optimal
14,3,2,MP2,3,11,1.531362242659711,2.2500000000000004,0.059575078433971064,51800.0,2.25,1.531362242659711,01:H; 13:H; 02:L,"[0, 0, 1, 0, 0, 0, 0, 0, 1, 1, 0, 0, 0, 0, 0]",2.2500000000000115,0.7186377573402893,True,12.0,12,-0.05957507843397125,0.0,1.0,-0.0,1.8735013540549517e-16,add_cut,optimal
15,3,2,MP2,4,12,1.531362242659711,2.1666666666666656,0.06653660242731564,53460.0,2.1666666666666665,1.418893709908554,01:M; 02:M; 23:H,"[0, 1, 0, 0, 0, 0, 0, 0, 0, 0, 1, 0, 0, 0, 1]",2.1666666666666656,0.6353044240069545,True,13.0,13,-0.06653660242731563,3.2526065174565133e-19,1.0,-0.0,1.3877787807814457e-17,add_cut,optimal
16,3,2,MP2,5,13,2.011144422493353,2.011144422493364,0.0,51020.0,2.011144422493364,2.011144422493353,01:H; 13:M; 02:M,"[0, 0, 1, 0, 0, 0, 0, 1, 0, 0, 1, 0, 0, 0, 0]",2.011144422493364,1.1102230246251565e-14,False,,13,0.0,0.0,1.0,-0.0,0.0,accept,optimal
17,4,2,MP1,1,13,51019.99999999999,51020.0,0.0,51020.0,2.011144422493353,2.011144422493353,01:H; 13:M; 02:M,"[0, 0, 1, 0, 0, 0, 0, 1, 0, 0, 1, 0, 0, 0, 0]",51019.99999999999,7.275957614183426e-12,False,,13,0.0,0.0,1.0,-0.0,0.0,accept,optimal
18,5,3,MP2,1,13,0.8338677337695612,1.6666666666666665,0.09225574168902838,44700.0,1.6666666666666667,0.8338677337695612,12:H; 13:L; 02:H,"[0, 0, 0, 0, 0, 1, 1, 0, 0, 0, 0, 1, 0, 0, 0]",1.6666666666666665,0.8327989328971053,True,14.0,14,-0.09225574168902828,8.673617379884035e-19,1.0,-0.0,9.71445146547012e-17,add_cut,optimal
19,5,3,MP2,2,14,1.2273796366934238,1.6666666666666665,0.053365055286727386,14300.0,1.6666666666666667,1.2273796366934238,01:H; 12:L; 13:L,"[0, 0, 1, 1, 0, 0, 1, 0, 0, 0, 0, 0, 0, 0, 0]",1.6666666666666667,0.43928702997324276,True,15.0,15,-0.0533650552867273,2.168404344971009e-19,0.9999999999999998,-0.0,8.326672684688674e-17,add_cut,optimal
20,5,3,MP2,3,15,1.2273796366934238,1.6666666666666665,0.11209083993017588,31900.0,1.6666666666666667,0.6945966648535505,01:H; 13:L; 23:H,"[0, 0, 1, 0, 0, 0, 1, 0, 0, 0, 0, 0, 0, 0, 1]",1.6666666666666747,0.43928702997324276,True,16.0,16,-0.1120908399301758,1.0842021724855044e-19,1.0,-0.0,8.326672684688674e-17,add_cut,optimal
21,5,3,MP2,4,16,1.2273796366934238,1.6666666666666665,0.0941690639505143,28380.0,1.6666666666666667,0.7986489441863077,01:H; 12:L; 23:M,"[0, 0, 1, 1, 0, 0, 0, 0, 0, 0, 0, 0, 0, 1, 0]",1.6666666666666832,0.43928702997324276,True,17.0,17,-0.09416906395051425,2.168404344971009e-19,1.0,-0.0,5.551115123125783e-17,add_cut,optimal
22,5,3,MP2,5,17,1.2273796366934238,1.6666666666666665,0.0902402599320984,31900.0,1.6666666666666667,0.8435278770945185,01:H; 12:L; 23:H,"[0, 0, 1, 1, 0, 0, 0, 0, 0, 0, 0, 0, 0, 0, 1]",1.6666666666666827,0.43928702997324276,True,18.0,18,-0.09024025993209847,1.0842021724855044e-19,1.0,-0.0,6.938893903907228e-17,add_cut,optimal
23,5,3,MP2,6,18,1.2273796366934238,1.6666666666666665,0.052005831206415346,37680.0,1.6666666666666667,1.1286721139090512,01:H; 12:H; 23:L,"[0, 0, 1, 0, 0, 1, 0, 0, 0, 0, 0, 0, 1, 0, 0]",1.6666666666666667,0.43928702997324276,True,19.0,19,-0.0520058312064155,4.336808689942018e-19,1.0,-0.0,1.5265566588595902e-16,add_cut,optimal
24,5,3,MP2,7,19,1.4251328167627026,1.6666666666666665,0.02203614101545684,43600.0,1.6666666666666667,1.4251328167627026,01:H; 12:H; 23:H,"[0, 0, 1, 0, 0, 1, 0, 0, 0, 0, 0, 0, 0, 0, 1]",1.6666666666666667,0.24153384990396387,True,20.0,20,-0.02203614101545673,1.0842021724855044e-19,1.0,-0.0,1.1102230246251565e-16,add_cut,optimal
25,5,3,MP2,8,20,1.4251328167627026,1.6666666666666665,0.03410870651142702,40080.0,1.6666666666666667,1.301564223212587,01:H; 12:H; 23:M,"[0, 0, 1, 0, 0, 1, 0, 0, 0, 0, 0, 0, 0, 1, 0]",1.6666666666666667,0.24153384990396387,True,21.0,21,-0.034108706511427084,2.168404344971009e-19,1.0,-0.0,6.245004513516506e-17,add_cut,optimal
26,5,3,MP2,9,21,1.4251328167627026,1.6666666666666665,0.09148063199596612,36300.0,1.6666666666666667,0.7852306162476035,01:H; 13:M; 23:L,"[0, 0, 1, 0, 0, 0, 0, 1, 0, 0, 0, 0, 1, 0, 0]",1.6666666666666667,0.24153384990396387,True,22.0,22,-0.0914806319959662,2.168404344971009e-19,0.9999999999999999,-0.0,8.326672684688674e-17,add_cut,optimal
27,5,3,MP2,10,22,1.4251328167627026,1.6666666666666665,0.051847319241771356,39640.0,1.6666666666666667,1.140823931839494,01:H; 12:M; 23:H,"[0, 0, 1, 0, 1, 0, 0, 0, 0, 0, 0, 0, 0, 0, 1]",1.6666666666666667,0.24153384990396387,True,23.0,23,-0.051847319241771384,2.168404344971009e-19,1.0,-0.0,2.7755575615628914e-17,add_cut,optimal
28,5,3,MP2,11,23,1.5668874267432231,1.6666666666666665,0.009928390296581619,36320.0,1.6666666666666667,1.5668874267432231,01:H; 12:H; 13:M,"[0, 0, 1, 0, 0, 1, 0, 1, 0, 0, 0, 0, 0, 0, 0]",1.6666666666666667,0.0997792399234434,True,24.0,24,-0.00992839029658149,4.336808689942018e-19,1.0000000000000002,-0.0,1.2836953722228372e-16,add_cut,optimal
29,5,3,MP2,12,24,1.5668874267432231,1.6666666666666665,0.0792928994294782,38700.0,1.6666666666666667,0.8955835386440031,01:H; 13:M; 23:M,"[0, 0, 1, 0, 0, 0, 0, 1, 0, 0, 0, 0, 0, 1, 0]",1.6666666666666667,0.0997792399234434,True,25.0,25,-0.07929289942947806,3.2526065174565133e-19,0.9999999999999999,-0.0,1.3877787807814457e-16,add_cut,optimal
30,5,3,MP2,13,25,1.5668874267432231,1.6666666666666665,0.07087732632739147,42220.0,1.6666666666666667,0.9729828670636814,01:H; 13:M; 23:H,"[0, 0, 1, 0, 0, 0, 0, 1, 0, 0, 0, 0, 0, 0, 1]",1.6666666666666667,0.0997792399234434,True,26.0,26,-0.07087732632739144,2.168404344971009e-19,1.0,-0.0,2.7755575615628914e-17,add_cut,optimal
31,5,3,MP2,14,26,1.5668874267432231,1.6666666666666665,0.051016266652209145,43980.0,1.6666666666666667,1.13195185563977,01:H; 13:H; 23:M,"[0, 0, 1, 0, 0, 0, 0, 0, 1, 0, 0, 0, 0, 1, 0]",1.6666666666666667,0.0997792399234434,True,27.0,27,-0.051016266652209125,1.0842021724855044e-19,1.0,-0.0,2.0816681711721685e-17,add_cut,optimal
32,5,3,MP2,15,27,1.5668874267432231,1.6666666666666665,0.06877203530329663,41580.0,1.6666666666666667,0.9612144230895214,01:H; 13:H; 23:L,"[0, 0, 1, 0, 0, 0, 0, 0, 1, 0, 0, 0, 1, 0, 0]",1.6666666666666665,0.0997792399234434,True,28.0,28,-0.06877203530329662,2.168404344971009e-19,1.0,-0.0,1.3877787807814457e-17,add_cut,optimal
33,5,3,MP2,16,28,1.5668874267432231,1.6666666666666665,0.038338365295592834,47500.0,1.6666666666666667,1.258484221254161,01:H; 13:H; 23:H,"[0, 0, 1, 0, 0, 0, 0, 0, 1, 0, 0, 0, 0, 0, 1]",1.6666666666666667,0.0997792399234434,True,29.0,29,-0.0383383652955929,4.336808689942018e-19,1.0,-0.0,6.245004513516506e-17,add_cut,optimal
34,5,3,MP2,17,29,1.6666666666666667,1.6666666666666665,0.0,41600.0,1.6666666666666667,1.6666666666666667,01:H; 12:H; 13:H,"[0, 0, 1, 0, 0, 1, 0, 0, 1, 0, 0, 0, 0, 0, 0]",1.6666666666666667,-2.220446049250313e-16,False,,29,0.0,0.0,1.0,-0.0,0.0,accept,optimal
35,6,3,MP1,1,29,22040.0,inf,0.04573178078056292,22040.0,1.6666666666666667,1.227379636693424,01:H; 12:M; 13:L,"[0, 0, 1, 0, 1, 0, 1, 0, 0, 0, 0, 0, 0, 0, 0]",22040.0,inf,True,30.0,30,-0.045731780780562975,4.336808689942018e-19,1.0,-0.0,5.551115123125783e-17,add_cut,optimal
36,6,3,MP1,2,30,29900.0,inf,0.043551439508680685,29900.0,1.6666666666666667,1.2273796366934238,01:H; 12:L; 13:H,"[0, 0, 1, 1, 0, 0, 0, 0, 1, 0, 0, 0, 0, 0, 0]",29900.0,inf,True,31.0,31,-0.043551439508680706,0.0,1.0,-0.0,2.0816681711721685e-17,add_cut,optimal
37,6,3,MP1,3,31,33720.0,inf,0.07410883914368556,33720.0,1.6666666666666667,0.9426248999344807,01:H; 12:M; 23:L,"[0, 0, 1, 0, 1, 0, 0, 0, 0, 0, 0, 0, 1, 0, 0]",33720.0,inf,True,32.0,32,-0.07410883914368574,2.168404344971009e-19,1.0,-0.0,1.8041124150158794e-16,add_cut,optimal
38,6,3,MP1,4,32,36120.0,inf,0.06069761223219501,36120.0,1.6666666666666667,1.060246636302032,01:H; 12:M; 23:M,"[0, 0, 1, 0, 1, 0, 0, 0, 0, 0, 0, 0, 0, 1, 0]",36120.0,inf,True,33.0,33,-0.060697612232194886,2.168404344971009e-19,1.0,-0.0,1.249000902703301e-16,add_cut,optimal
39,6,3,MP1,5,33,37640.0,inf,0.009605982155488106,37640.0,1.6666666666666667,1.5668874267432231,01:H; 12:M; 13:H,"[0, 0, 1, 0, 1, 0, 0, 0, 1, 0, 0, 0, 0, 0, 0]",37640.0,inf,True,34.0,34,-0.009605982155487885,0.0,1.0,-0.0,2.203098814490545e-16,add_cut,optimal
40,6,3,MP1,6,34,41600.0,41600.0,0.0,41600.0,1.6666666666666667,1.6666666666666667,01:H; 12:H; 13:H,"[0, 0, 1, 0, 0, 1, 0, 0, 1, 0, 0, 0, 0, 0, 0]",41600.0,0.0,False,,34,0.0,0.0,1.0,-0.0,0.0,accept,optimal
41,7,4,MP2,1,34,0.7147539199396524,1.6249999999999998,0.10590823929864257,40740.0,1.6249999999999998,0.7147539199396524,12:M; 13:L; 02:H,"[0, 0, 0, 0, 1, 0, 1, 0, 0, 0, 0, 1, 0, 0, 0]",1.6249999999999998,0.9102460800603474,True,35.0,35,-0.1059082392986426,4.336808689942018e-19,1.0,-0.0,2.7755575615628914e-17,add_cut,optimal
42,7,4,MP2,2,35,1.5668874267432231,1.5668874267432247,0.0,37640.0,1.5668874267432247,1.5668874267432231,01:H; 12:M; 13:H,"[0, 0, 1, 0, 1, 0, 0, 0, 1, 0, 0, 0, 0, 0, 0]",1.5668874267432247,1.5543122344752192e-15,False,,35,0.0,0.0,1.0,-0.0,0.0,accept,optimal
43,8,4,MP1,1,35,32360.0,32360.0,0.0,32360.0,1.5668874267432231,1.5668874267432231,01:H; 12:M; 13:M,"[0, 0, 1, 0, 1, 0, 0, 1, 0, 0, 0, 0, 0, 0, 0]",32360.0,0.0,False,,35,0.0,0.0,1.0,-0.0,0.0,accept,optimal
44,9,5,MP2,1,35,1.227379636693424,1.227379636916163,0.0,26000.0,1.227379636916163,1.227379636693424,01:H; 12:H; 13:L,"[0, 0, 1, 0, 0, 1, 1, 0, 0, 0, 0, 0, 0, 0, 0]",1.227379636916163,2.2273893840463188e-10,False,,35,0.0,0.0,1.0,-0.0,0.0,accept,optimal
45,10,5,MP1,1,35,14300.0,14300.0,0.0,14300.0,1.227379636693424,1.2273796366934238,01:H; 12:L; 13:L,"[0, 0, 1, 1, 0, 0, 1, 0, 0, 0, 0, 0, 0, 0, 0]",14300.0,0.0,False,,35,0.0,0.0,1.0,-0.0,0.0,accept,optimal
46,11,6,MP2,1,35,0.8466403292460464,1.0833333333333333,0.03420898607588805,9460.0,1.0833333333333333,0.8466403292460464,01:M; 12:L; 13:L,"[0, 1, 0, 1, 0, 0, 1, 0, 0, 0, 0, 0, 0, 0, 0]",1.0833333333333333,0.23669300408728688,True,36.0,36,-0.034208986075888015,8.673617379884035e-19,1.0,-0.0,3.469446951953614e-17,add_cut,optimal
47,11,6,MP2,2,36,0.8466403292460464,0.8466403292460472,0.0,9460.0,0.8466403292460472,0.8466403292460464,01:M; 12:L; 13:L,"[0, 1, 0, 1, 0, 0, 1, 0, 0, 0, 0, 0, 0, 0, 0]",0.8466403292460472,7.771561172376096e-16,False,,36,1.3877787807814457e-17,2.168404344971009e-19,1.0,-0.0,1.3877787807814457e-17,accept,optimal
48,12,6,MP1,1,36,9460.0,9460.0,0.0,9460.0,0.8466403292460464,0.8466403292460464,01:M; 12:L; 13:L,"[0, 1, 0, 1, 0, 0, 1, 0, 0, 0, 0, 0, 0, 0, 0]",9460.0,0.0,False,,36,1.249000902703301e-16,2.168404344971009e-19,1.0,-0.0,1.249000902703301e-16,accept,optimal
49,13,7,MP2,1,36,0.5469150866641825,0.5833333333333334,0.005604628151893412,7740.0,0.5833333333333334,0.5469150866641825,01:L; 12:M; 13:L,"[1, 0, 0, 0, 1, 0, 1, 0, 0, 0, 0, 0, 0, 0, 0]",0.5833333333333334,0.03641824666915083,True,37.0,37,-0.005604628151893318,0.0,1.0,-0.0,9.454242944073599e-17,add_cut,optimal
50,13,7,MP2,2,37,0.5469150866641825,0.5469150866641832,0.0,7740.0,0.5469150866641832,0.5469150866641825,01:L; 12:M; 13:L,"[1, 0, 0, 0, 1, 0, 1, 0, 0, 0, 0, 0, 0, 0, 0]",0.5469150866641832,6.661338147750939e-16,False,,37,0.0,0.0,1.0,-0.0,0.0,accept,optimal
51,14,7,MP1,1,37,0.0,0.0,0.0,0.0,0.5469150866641825,0.5469150866641825,01:L; 12:L; 13:L,"[1, 0, 0, 1, 0, 0, 1, 0, 0, 0, 0, 0, 0, 0, 0]",0.0,0.0,False,,37,9.71445146547012e-17,0.0,1.0,-0.0,9.71445146547012e-17,accept,optimal
