t,partition,method,phase,inner_measure,outer_measure,gap,certified,volume_ratio,cones
2.0931827994063497,pp,R,R,73635.01291264102,93088068.48,1263.182143764104,False,,1
2.2741249995306134,pp,R,R,73635.01291264102,75577.14392006936,0.026375102422164787,False,0.026375102422165012,1
2.496510899392888,pp,R,R,74593.95181821958,75335.03278051224,0.009934866624289107,False,0.016575957333771103,2
2.671231999527663,pp,R,R,74593.95181821958,75085.87847866907,0.006594725825068037,False,0.006594725825067897,2
2.67181219952181,pp,R,R,74593.95181821958,75085.87847866907,0.006594725825068037,True,0.006594725825067897,2
4.591722899582237,pn,R,R,840332.4820597562,93088068.48,109.77528295922815,False,,1
4.737547999480739,pn,R,R,840332.4820597562,6427869.218502403,6.649197616099429,False,7.290567080934833,1
4.958209099480882,pn,R,R,2419584.968657157,6535184.999686966,1.7009528842105186,False,5.4565398792116175,2
7.008484199410304,pn,R,R,2419584.968657157,4109843.351138885,0.6985736828328055,False,0.6985736828328055,2
7.309644499560818,pn,R,R,3036062.0304026823,4055945.846295812,0.3359232471801177,False,0.9142953927395225,3
7.553081299411133,pn,R,R,3036062.0304026823,3045497.1024895124,0.003107667759205457,False,0.003107667759205365,3
7.554027499398217,pn,R,R,3036062.0304026823,3045497.1024895124,0.003107667759205457,True,0.003107667759205365,3
18.524003899423406,np,R,R,627783.4647927288,93088068.48,147.28053572697124,False,,1
18.941523499554023,np,R,R,627783.4647927288,32639795.361674536,50.99212338676522,False,119.11550412218718,1
19.543210999574512,np,R,R,9619563.387607137,20112696.34795969,1.090811769468751,False,8.295444850493249,2
20.01414609956555,np,R,R,9619563.387607137,14406534.288435852,0.497628708075853,False,0.5006540184114884,2
20.660764799453318,np,R,R,11301772.551592583,13093620.655637302,0.15854575871748722,False,0.3258033706917242,3
21.162405599607155,np,R,R,11301772.551592583,12710807.973247372,0.12467384343673027,False,0.12467384343673006,3
21.893573199398816,np,R,R,11606687.514204009,12601203.540442757,0.0856847420955964,False,0.10056662506438364,4
22.402537799440324,np,R,R,11606687.514204009,12525812.234713027,0.07918923632468045,False,0.07918923632468015,4
22.847407999448478,np,R,R,11803188.2739308,12430876.400822138,0.05317954033468131,False,0.06229385867337315,5
23.428591799456626,np,R,R,11803188.2739308,12324376.281210886,0.04415654441700401,False,0.04415654441700372,5
24.09235609951429,np,R,R,11957965.272485614,12277563.424902847,0.026726800516188476,False,0.03303209989094129,6
24.597061299486086,np,R,R,11957965.272485614,12250977.615438255,0.024503528508051486,False,0.024503528508051427,6
25.249952299520373,np,R,R,12017797.201024512,12244690.21086465,0.01887975026078781,False,0.021057840452494512,7
27.965321199502796,np,R,R,12017797.201024512,12242999.64593818,0.018739078480577875,False,0.01873907848057777,7
28.840769299538806,np,R,R,12047662.267670585,12239213.002149211,0.015899411041148115,False,0.017032546393671452,8
29.410312899621204,np,R,R,12047662.267670585,12232448.649248995,0.01533794502808039,False,0.015337945028080347,8
30.132816499564797,np,R,R,12079137.982428078,12239001.528264355,0.013234681652683822,False,0.013287149987342066,9
30.707284299423918,np,R,R,12079137.982428078,12238693.959823122,0.013209218872005213,False,0.013209218872005076,9
31.50534539949149,np,R,R,12104303.304679336,12232714.931702819,0.010608758206995805,False,0.011945908998353237,10
32.28260469948873,np,R,R,12104303.304679336,12225701.075922333,0.010029306783486458,False,0.010029306783486385,10
33.01372609939426,np,R,R,12125608.377947891,12218676.353023939,0.007675324171388054,False,0.008473953638982866,11
33.57023949944414,np,R,R,12125608.377947891,12214582.06519353,0.0073376678903345205,False,0.007337667890334783,11
33.572201599599794,np,R,R,12125608.377947891,12214582.06519353,0.0073376678903345205,True,0.007337667890334783,11
61.41992149944417,nn,R,R,11558846.89790098,93088068.48,7.053404401169486,False,,1
62.12526149954647,nn,R,R,11558846.89790098,27711991.910385586,1.397470280138231,False,1.397470280138231,1
63.28325489955023,nn,R,R,17510293.173743606,27183363.123227786,0.5524219299759521,False,0.8541839138450759,2
64.16168379946612,nn,R,R,17510293.173743606,23811786.88704593,0.3598736840540917,False,0.3598736840540915,2
65.46462279953994,nn,R,R,20635646.424179636,23030617.356416784,0.11605989378800663,False,0.2574016594417732,3
66.31138159940019,nn,R,R,20635646.424179636,21453946.095745318,0.03965466623845848,False,0.03965466623845859,3
67.53275479958393,nn,R,R,20638231.40037248,21075302.349819276,0.021177732770207625,False,0.02124307985993036,4
68.42267029942013,nn,R,R,20638231.40037248,21076649.133419096,0.02124298950532677,False,0.021242989505326663,4
69.43154399958439,nn,R,R,20639759.94291111,20907107.054275986,0.012953014574992538,False,0.013155706958659467,5
70.29798799939454,nn,R,R,20639759.94291111,20902984.5903492,0.012753280472552087,False,0.012753280472551974,5
71.28707249951549,nn,R,R,20660684.759758424,20902968.181781575,0.01172678567242147,False,0.01172947818240282,6
72.1650925995782,nn,R,R,20660684.759758424,20903017.528018292,0.011729174084871952,False,0.011729174084872191,6
73.10260309954174,nn,R,R,20660713.04080744,20830858.887568526,0.008235235948780062,False,0.00823598392388225,7
73.94953919947147,nn,R,R,20660713.04080744,20830874.341267005,0.008235983923859491,False,0.00823598392385957,7
73.95088369958103,nn,R,R,20660713.04080744,20830874.341267005,0.008235983923859491,True,0.00823598392385957,7
2.0931827994063497,all,R,R,73635.01291264102,372352273.92,5055.728575056416,0,,
2.2741249995306134,all,R,R,73635.01291264102,279339782.58392006,3792.572806394734,0,,
2.496510899392888,all,R,R,74593.95181821958,279339540.4727805,3743.8014706810563,0,,
2.671231999527663,all,R,R,74593.95181821958,279339291.3184787,3743.7981305402573,0,,
2.67181219952181,all,R,R,74593.95181821958,279339291.3184787,3743.7981305402573,1,,
4.591722899582237,all,R,R,914926.4338779758,279339291.3184787,304.31339020830427,1,,
4.737547999480739,all,R,R,914926.4338779758,192679092.0569811,209.59517456534522,1,,
4.958209099480882,all,R,R,2494178.9204753763,192786407.83816564,76.29453819673115,1,,
7.008484199410304,all,R,R,2494178.9204753763,190361066.18961757,75.32213736829107,1,,
7.309644499560818,all,R,R,3110655.9822209016,190307168.6847745,60.17911134258623,1,,
7.553081299411133,all,R,R,3110655.9822209016,189296719.9409682,59.85427672584251,1,,
7.554027499398217,all,R,R,3110655.9822209016,189296719.9409682,59.85427672584251,2,,
18.524003899423406,all,R,R,3738439.4470136305,189296719.9409682,49.63522430253182,2,,
18.941523499554023,all,R,R,3738439.4470136305,128848446.82264273,33.46583759048724,2,,
19.543210999574512,all,R,R,12730219.369828038,116321347.80892788,8.137418957965622,2,,
20.01414609956555,all,R,R,12730219.369828038,110615185.74940404,7.689181430099602,2,,
20.660764799453318,all,R,R,14412428.533813484,109302272.11660549,6.583889964149189,2,,
21.162405599607155,all,R,R,14412428.533813484,108919459.43421556,6.557328674947178,2,,
21.893573199398816,all,R,R,14717343.49642491,108809855.00141095,6.393308108072811,2,,
22.402537799440324,all,R,R,14717343.49642491,108734463.69568121,6.388185491634047,2,,
22.847407999448478,all,R,R,14913844.2561517,108639527.86179033,6.2844751491204836,2,,
23.428591799456626,all,R,R,14913844.2561517,108533027.74217907,6.277334125130822,2,,
24.09235609951429,all,R,R,15068621.254706515,108486214.88587104,6.199478509156011,2,,
24.597061299486086,all,R,R,15068621.254706515,108459629.07640643,6.1977141931635105,2,,
25.249952299520373,all,R,R,15128453.183245413,108453341.67183283,6.168832157404146,2,,
27.965321199502796,all,R,R,15128453.183245413,108451651.10690637,6.168720410029448,2,,
28.840769299538806,all,R,R,15158318.249891486,108447864.46311739,6.154346720744812,2,,
29.410312899621204,all,R,R,15158318.249891486,108441100.11021718,6.153900473820272,2,,
30.132816499564797,all,R,R,15189793.964648979,108447652.98923254,6.139507832800197,2,,
30.707284299423918,all,R,R,15189793.964648979,108447345.42079131,6.13948758443857,2,,
31.50534539949149,all,R,R,15214959.286900237,108441366.392671,6.127286005033005,2,,
32.28260469948873,all,R,R,15214959.286900237,108434352.53689052,6.1268250208365815,2,,
33.01372609939426,all,R,R,15236264.360168792,108427327.81399213,6.116398432771151,2,,
33.57023949944414,all,R,R,15236264.360168792,108423233.52616172,6.116129712845214,2,,
33.572201599599794,all,R,R,15236264.360168792,108423233.52616172,6.116129712845214,3,,
61.41992149944417,all,R,R,26795111.258069772,108423233.52616172,3.0463811656504447,3,,
62.12526149954647,all,R,R,26795111.258069772,43047156.9565473,0.6065302562825883,3,,
63.28325489955023,all,R,R,32746557.533912398,42518528.1693895,0.29841214989872533,3,,
64.16168379946612,all,R,R,32746557.533912398,39146951.933207646,0.19545243473812435,3,,
65.46462279953994,all,R,R,35871910.78434843,38365782.402578495,0.06952157171728324,3,,
66.31138159940019,all,R,R,35871910.78434843,36789111.14190703,0.02556876222938187,3,,
67.53275479958393,all,R,R,35874495.760541275,36410467.39598099,0.014940185891873625,3,,
68.42267029942013,all,R,R,35874495.760541275,36411814.17958081,0.01497772742580361,3,,
69.43154399958439,all,R,R,35876024.3030799,36242272.1004377,0.010208706356750863,3,,
70.29798799939454,all,R,R,35876024.3030799,36238149.636510916,0.010093797751160594,3,,
71.28707249951549,all,R,R,35896949.11992722,36238133.22794329,0.009504543321389614,3,,
72.1650925995782,all,R,R,35896949.11992722,36238182.57418001,0.009505917985196177,3,,
73.10260309954174,all,R,R,35896977.40097623,36166023.93373024,0.007494963426828427,3,,
73.94953919947147,all,R,R,35896977.40097623,36166039.387428716,0.00749539392821319,3,,
73.95088369958103,all,R,R,35896977.40097623,36166039.387428716,0.00749539392821319,4,,
