t,partition,method,phase,inner_measure,outer_measure,gap,certified,volume_ratio,cones,networks,in_inner
3.5349716069176793,ppp,RCUT2-t0.5,A,68659998.84585816,898133774820.6411,13079.888288928658,False,,1,,
13.69264780706726,ppp,RCUT2-t0.5,A+,96262066.47821382,99037128.71263975,0.02882820134610342,False,0.04930137527404038,10,2,2
17.948427407070994,ppp,RCUT2-t0.5,A+,96414009.33054632,97839237.06339116,0.014782371801991934,True,0.02237527662244763,16,2,2
3.430438280571252,ppn,RCUT2-t0.5,A,483241884.64985806,898133774820.6411,1857.5594571782633,False,,1,,
13.550774180563167,ppn,RCUT2-t0.5,A,24084126988.57666,68734606098.7445,1.8539380369214133,False,3.9174254991381874,6,,
23.822278880747035,ppn,RCUT2-t0.5,A,31811193045.642815,49123941260.78662,0.5442344834506336,False,0.5522316978997223,15,,
34.00427368073724,ppn,RCUT2-t0.5,A,33477077702.249336,45443763417.73686,0.35745908952750316,False,0.35808423793303024,23,,
44.36327908071689,ppn,RCUT2-t0.5,A,34781223899.652214,42128660672.91416,0.21124721759246134,False,0.21779994475484976,32,,
54.68315338063985,ppn,RCUT2-t0.5,A,35382973235.42497,41400829498.137505,0.17007774396662434,False,0.17063362422671907,40,,
65.22046248055995,ppn,RCUT2-t0.5,A,35755761918.18727,41087535727.56549,0.14911649265306792,False,0.14960293562193527,49,,
77.3825626806356,ppn,RCUT2-t0.5,CUT,38109746111.64352,41086778504.70889,0.07811735046316182,False,0.14950287058448242,49,6,3
90.15876888064668,ppn,RCUT2-t0.5,A+,38227131232.60382,41079064867.68195,0.07460496100857616,False,0.14957447290854953,50,6,6
100.41003188071772,ppn,RCUT2-t0.5,A+,38239519931.23515,40691728107.04436,0.06412758790431794,False,0.12518523254673994,57,6,6
111.06512128072791,ppn,RCUT2-t0.5,A+,38240131279.42752,40593580107.864555,0.06154395264074708,False,0.11536339350171188,65,6,6
121.46668388065882,ppn,RCUT2-t0.5,A+,38240228986.834785,40324678975.42631,0.05450934902375071,False,0.10022511333902565,72,6,6
131.7392663806677,ppn,RCUT2-t0.5,A+,38240695816.756,40054639096.09687,0.04743489208546392,False,0.08843626438539229,80,6,6
142.17926238058135,ppn,RCUT2-t0.5,A+,38240964975.81379,39947022459.095535,0.044613348129702635,False,0.08214088954660957,88,6,6
153.0459108806681,ppn,RCUT2-t0.5,A+,38246907642.14919,39908901610.5867,0.04345433581160796,False,0.07442931073524812,97,6,6
163.78021998074837,ppn,RCUT2-t0.5,A+,38249577386.53949,39769050298.516655,0.03972522092523523,False,0.06650919330728434,105,6,6
174.0612455806695,ppn,RCUT2-t0.5,A+,38262996131.46798,39656981605.728546,0.0364316863601315,False,0.06086931682756922,113,6,6
184.8447645807173,ppn,RCUT2-t0.5,A+,38263722664.123146,39606554175.219215,0.03509411572113286,False,0.057428135885585235,122,6,6
194.9072994806338,ppn,RCUT2-t0.5,A+,38265063118.87495,39565117093.39653,0.03397495962525432,False,0.0531538217752,130,6,6
204.9988192806486,ppn,RCUT2-t0.5,A+,38290423368.890274,39469973920.317215,0.030805367181844456,False,0.046635796054448196,138,6,6
215.2228506805841,ppn,RCUT2-t0.5,A+,38291881704.66961,39427734231.906815,0.029663011496734226,False,0.04361324161647464,146,6,6
225.41490278067067,ppn,RCUT2-t0.5,A+,38292480454.204865,39412539451.599106,0.029250102999562877,False,0.041985926454273036,154,6,6
235.6270745806396,ppn,RCUT2-t0.5,A+,38293843642.5507,39391776263.43326,0.028671256694185132,False,0.040042230765638676,162,6,6
245.82907738070935,ppn,RCUT2-t0.5,A+,38294575443.0218,39297403605.508835,0.02618721191932627,False,0.036993867519359555,170,6,6
256.28196408064105,ppn,RCUT2-t0.5,A+,38294790387.57913,39276562521.07585,0.0256372243733487,False,0.03567787178009285,179,6,6
266.4211809807457,ppn,RCUT2-t0.5,A+,38298233042.40607,39257588002.817924,0.025049588041035742,False,0.03446741261825093,186,6,6
276.81153828068636,ppn,RCUT2-t0.5,A+,38303760657.7492,39214874821.19642,0.02378654596315455,False,0.03244691126218801,195,6,6
287.4104044807609,ppn,RCUT2-t0.5,A+,38306745572.53723,39188493974.76177,0.023018097440694163,False,0.030555027996734662,203,6,6
297.7720195807051,ppn,RCUT2-t0.5,A+,38321427148.043816,39163104087.70797,0.02196361154329085,False,0.028970072439696726,211,6,6
300.06810558075085,ppn,RCUT2-t0.5,A+,38321431541.92373,39170140180.30471,0.0221471016147321,False,0.028960716511302727,212,6,6
3.433470906224102,pnp,RCUT2-t0.5,A,406892012.51816183,898133774820.6411,2206.3025451207463,False,,1,,
13.821807806147262,pnp,RCUT2-t0.5,A,3592812568.9349685,4775972184.308208,0.3293129248108728,False,0.32931292481087315,9,,
24.19852650631219,pnp,RCUT2-t0.5,A,3786176853.385069,4394505483.52603,0.1606709495350378,False,0.16067094953503783,20,,
34.97704680636525,pnp,RCUT2-t0.5,A,3880618125.2060385,4442467442.873404,0.14478345962926564,False,0.14478530834773468,31,,
45.209338806336746,pnp,RCUT2-t0.5,CUT,4190592639.575971,4442474617.044225,0.0601065288688476,False,0.1447853083478438,31,6,4
55.380912106251344,pnp,RCUT2-t0.5,A+,4190690521.133911,4434910098.747212,0.058276691247346246,False,0.13983623079158863,33,6,6
66.27710510627367,pnp,RCUT2-t0.5,A+,4190716468.114537,4422434772.574312,0.055293243106000256,False,0.1164029026806677,42,6,6
76.9207483062055,pnp,RCUT2-t0.5,A+,4190757192.2810593,4405528508.188919,0.05124880923749209,False,0.09962266786037856,50,6,6
86.92430380615406,pnp,RCUT2-t0.5,A+,4190863246.0853353,4374042421.539025,0.043709175102479625,False,0.08496189066110187,57,6,6
97.5337310063187,pnp,RCUT2-t0.5,A+,4190970651.9213057,4336144571.53135,0.0346396889091769,False,0.07109456108495123,65,6,6
107.86321520619094,pnp,RCUT2-t0.5,A+,4191063750.7101917,4318981173.251378,0.030521469046971728,False,0.05630506360249512,73,6,6
118.10644510621205,pnp,RCUT2-t0.5,A+,4191154944.82809,4308414374.692299,0.027977832222334742,False,0.04844671266778937,81,6,6
128.59620010619983,pnp,RCUT2-t0.5,A+,4191275874.4063263,4293936861.337558,0.02449397033445644,False,0.04016818491518077,90,6,6
138.87189520616084,pnp,RCUT2-t0.5,A+,4191345198.7464952,4277258359.70814,0.020497753558293974,False,0.032683709464698174,98,6,6
148.94274090626277,pnp,RCUT2-t0.5,A+,4191385059.37762,4268657062.8661327,0.018435911373885228,False,0.02792002392230313,107,6,6
159.30964020616375,pnp,RCUT2-t0.5,A+,4191725855.098511,4257765034.2175937,0.015754651282539722,False,0.022609786741613916,115,6,6
164.11952340626158,pnp,RCUT2-t0.5,A+,4191759620.886712,4252897751.809841,0.014585314152674611,True,0.020147056702808232,119,6,6
3.420202615438029,pnn,RCUT2-t0.5,A,2603862457.86001,898133774820.6411,343.9236621963413,False,,1,,
13.675348515389487,pnn,RCUT2-t0.5,A,22180636528.487823,147306994922.14648,5.641242902698123,False,708.474750551907,5,,
23.783698715502396,pnn,RCUT2-t0.5,A,40169631005.43426,124671673869.46411,2.103630049591399,False,2.8369123301264962,12,,
35.40204891539179,pnn,RCUT2-t0.5,A,47384621909.383835,83993425455.24704,0.772588280135952,False,0.8077550362061685,18,,
46.147727015428245,pnn,RCUT2-t0.5,A,48138381550.271614,65391206615.404465,0.35840060487109393,False,0.35941909298181207,25,,
56.52679751534015,pnn,RCUT2-t0.5,A,49252642921.94196,63316533916.68525,0.28554591511022953,False,0.2866434035377087,33,,
67.21687751542777,pnn,RCUT2-t0.5,A,49959199819.99515,60966509793.67701,0.2203259862716298,False,0.22215128295582695,41,,
81.64147741557099,pnn,RCUT2-t0.5,CUT,51855199586.85718,59609485251.70554,0.14953728317755255,False,0.1795593982292279,46,8,1
92.03406541538425,pnn,RCUT2-t0.5,CUT,53449490696.76518,59609485251.70554,0.11524889151681239,False,0.1795593982292279,46,8,5
105.25605361536145,pnn,RCUT2-t0.5,A+,53477639400.13948,59634455845.99445,0.11512879990433755,False,0.17932161653829617,48,8,8
115.6366306154523,pnn,RCUT2-t0.5,A+,53481846405.12924,58792831305.74636,0.09930444174245556,False,0.14781580134899389,55,8,8
125.64644471555948,pnn,RCUT2-t0.5,A+,53482657312.06804,57871466424.99124,0.08206041609553494,False,0.12526140538064318,60,8,8
136.0614574153442,pnn,RCUT2-t0.5,A+,53551775807.267426,57389103062.99835,0.07165639603701379,False,0.11072730999919381,67,8,8
146.2632073154673,pnn,RCUT2-t0.5,A+,53564040173.860435,57100758125.26925,0.06602784143856932,False,0.10056694032131616,73,8,8
156.85405961540528,pnn,RCUT2-t0.5,A+,53569977135.59017,56807603184.2641,0.06043732369866839,False,0.09238198584317472,80,8,8
167.37014061538503,pnn,RCUT2-t0.5,A+,53574095158.71462,56382616500.297585,0.052423122280696344,False,0.08165563174919951,87,8,8
177.38067851541564,pnn,RCUT2-t0.5,A+,53574944880.11664,56292926642.70408,0.050732329611713034,False,0.07811835694088123,93,8,8
187.56239171535708,pnn,RCUT2-t0.5,A+,53588396453.05138,55959345369.09446,0.04424369962479213,False,0.06747077642307675,100,8,8
198.01695581548847,pnn,RCUT2-t0.5,A+,53589002794.38283,55885765222.98621,0.04285883873256413,False,0.06392861324148842,109,8,8
208.10685011534952,pnn,RCUT2-t0.5,A+,53594026236.88248,55834298878.429565,0.0418007901038302,False,0.06118801949341274,115,8,8
218.36769611551426,pnn,RCUT2-t0.5,A+,53594286343.680695,55776867633.64194,0.04072414130053237,False,0.05858936829048123,121,8,8
228.84844451537356,pnn,RCUT2-t0.5,A+,53596813728.054955,55631902237.07033,0.03797032635822739,False,0.05412093342551673,128,8,8
239.54026281554252,pnn,RCUT2-t0.5,A+,53612734662.73525,55469071866.384865,0.03462493035148051,False,0.049816408921356255,135,8,8
249.85690591554157,pnn,RCUT2-t0.5,A+,53614103164.40629,55381161912.07749,0.03295884186018294,False,0.046530110208622695,141,8,8
260.6216180154588,pnn,RCUT2-t0.5,A+,53615323453.431274,55336350827.293,0.03209954287334593,False,0.04469105470527868,148,8,8
281.7274559154175,pnn,RCUT2-t0.5,A+,53615344063.90262,55297741727.265015,0.03137903323640323,False,0.0437275851529289,151,9,9
292.2798279153649,pnn,RCUT2-t0.5,A+,53620912023.8795,55258261887.65632,0.0305356586073664,False,0.0423346217158773,158,9,9
300.1411329153925,pnn,RCUT2-t0.5,A+,53628019311.9233,55248282737.00311,0.030213001447166432,False,0.04171767075630188,163,9,9
3.4930861683096737,npp,RCUT2-t0.5,A,198417293.8998693,898133774820.6411,4525.4893859195645,False,,1,,
13.573439068160951,npp,RCUT2-t0.5,A,20505425340.612434,30944518784.261776,0.5090893395404963,False,0.5815832923702717,9,,
24.12684736819938,npp,RCUT2-t0.5,A,22610037726.390556,26596790282.146965,0.17632666535107333,False,0.19228087188870152,17,,
34.324275768129155,npp,RCUT2-t0.5,CUT,23825251208.391308,26039487320.15351,0.09293652740090907,False,0.14158890991979634,18,5,2
49.63653016812168,npp,RCUT2-t0.5,CUT,24196973911.63,26039487320.15351,0.07614643943712007,False,0.14158890991979634,18,5,5
60.2934453682974,npp,RCUT2-t0.5,A+,24191419028.983227,25202313468.452587,0.04178731467791241,False,0.07884515213246082,27,5,5
72.18668006826192,npp,RCUT2-t0.5,A+,24191480635.64808,25015859936.16061,0.034077256904140985,False,0.060659846572472725,35,5,5
82.71505426825024,npp,RCUT2-t0.5,A+,24193433496.86658,24987430719.829983,0.032818707731841146,False,0.05810661711764899,36,6,6
92.91013046819717,npp,RCUT2-t0.5,A+,24195833625.457912,24844824036.78449,0.026822403450639243,False,0.04595314498367123,43,6,6
103.75356566812843,npp,RCUT2-t0.5,A+,24197715276.370033,24740933675.368702,0.02244916070771108,False,0.03694181723133357,50,6,6
114.38794056815095,npp,RCUT2-t0.5,A+,24204611512.86465,24677135860.24339,0.019522079382583435,False,0.030502473083933224,58,6,6
124.75736996810883,npp,RCUT2-t0.5,A+,24210930210.201042,24603251704.77116,0.016204313141376936,False,0.025255277419854668,66,6,6
131.23834996810183,npp,RCUT2-t0.5,A+,24214069860.3045,24576112330.48435,0.014951739722753654,True,0.02293257931878824,71,6,6
22.256466015940532,npn,RCUT2-t0.5,A,2473476224.5028267,898133774820.6411,362.1058855239927,False,,1,,
32.453665415989235,npn,RCUT2-t0.5,A,33821085800.003304,162310678489.33795,3.7990972096266082,False,4.085194983267142,6,,
43.03330821613781,npn,RCUT2-t0.5,A,48801507577.9774,114364274568.05815,1.343457820136425,False,1.3461776458544918,11,,
53.831622016150504,npn,RCUT2-t0.5,A,53023181543.10661,83846493098.24016,0.5813176549972754,False,0.581317654997275,16,,
64.28496461594477,npn,RCUT2-t0.5,A,53798544199.985565,73767607101.24506,0.37118221688357234,False,0.37118221688357245,21,,
75.04930701595731,npn,RCUT2-t0.5,A,54604529857.86134,69782443177.13371,0.2779606995753161,False,0.2779606995753164,26,,
85.51602171594277,npn,RCUT2-t0.5,CUT,57466527409.13695,74099336418.522,0.28943473286573607,False,0.35822921363456334,27,12,3
98.17895571608096,npn,RCUT2-t0.5,CUT,57931293596.60755,74099336418.522,0.27908996706507594,False,0.35822921363456334,27,12,9
113.381516616093,npn,RCUT2-t0.5,A+,58004171248.17631,73656172300.29916,0.2698426805402372,False,0.3436200178527971,27,12,12
123.77541621611454,npn,RCUT2-t0.5,A+,58004171291.18721,66390832612.02404,0.14458721043931289,False,0.19792520640507114,31,12,12
134.1791427161079,npn,RCUT2-t0.5,A+,58007502676.45782,65022315473.334305,0.12092940521853279,False,0.16637305211562303,35,12,12
145.02268791594543,npn,RCUT2-t0.5,A+,58007599207.20256,63634449471.91112,0.09700195046186111,False,0.13956541401376318,40,12,12
155.93344211601652,npn,RCUT2-t0.5,A+,58014085941.1535,62562473114.17363,0.07840142784691584,False,0.11174849582843602,45,12,12
166.7044528159313,npn,RCUT2-t0.5,A+,58027304860.309845,61789550246.40259,0.06483577679765862,False,0.09596829467588205,49,12,12
177.50090411608107,npn,RCUT2-t0.5,A+,58043132824.3573,61324800758.475105,0.05653843571897421,False,0.07791366923341664,53,12,12
188.15915781608783,npn,RCUT2-t0.5,A+,58047661409.39952,60841783023.298096,0.04813495575975302,False,0.06609919802960854,57,12,12
198.740274816053,npn,RCUT2-t0.5,A+,58047787207.6788,60522837099.12832,0.04263814368314289,False,0.0606312282635412,61,12,12
209.0063717160374,npn,RCUT2-t0.5,A+,58049409641.652756,60377397434.39704,0.04010355673064181,False,0.053592249691577935,65,12,12
219.18078341614455,npn,RCUT2-t0.5,A+,58050364933.444374,60073973767.12372,0.034859536817717585,False,0.04697525072029617,69,12,12
230.9426461160183,npn,RCUT2-t0.5,A+,58094319929.00627,59926354294.65246,0.03153551617240735,False,0.04140965637584699,74,12,12
241.4751755159814,npn,RCUT2-t0.5,A+,58094515290.01446,59719699056.943825,0.0279748227318235,False,0.037755145182454534,78,12,12
251.58503781608306,npn,RCUT2-t0.5,A+,58095165573.77565,59582432924.15471,0.02560053552976549,False,0.03369121446856458,82,12,12
262.0122122159228,npn,RCUT2-t0.5,A+,58102433410.77757,59462805140.92601,0.023413334868967794,False,0.031088994295380812,87,12,12
272.6765533159487,npn,RCUT2-t0.5,A+,58102440988.93911,59392800160.54933,0.022208347009996743,False,0.02935972868542394,91,12,12
282.9863789160736,npn,RCUT2-t0.5,A+,58104606287.39882,59339977074.932396,0.021261150646527893,False,0.02839937428032901,96,12,12
294.10138491610996,npn,RCUT2-t0.5,A+,58110568164.18844,59280536852.95543,0.02013349250796015,False,0.02579208951766466,100,12,12
300.1653437160421,npn,RCUT2-t0.5,A+,58120272195.63515,59354001576.81009,0.02122717830746157,False,0.026779068376930146,104,12,12
3.416061948053539,nnp,RCUT2-t0.5,A,1103051510.3458784,898133774820.6411,813.2265038366321,False,,1,,
20.66228424804285,nnp,RCUT2-t0.5,A,18011121762.09689,322744088315.2685,16.919155318491057,False,180.25162268860103,3,,
31.904857048066333,nnp,RCUT2-t0.5,A,44041788105.32491,143640031775.81375,2.2614486821539113,False,3.6576532767010073,9,,
42.07462924811989,nnp,RCUT2-t0.5,A,49953867210.68821,125403691618.90672,1.5103900582911258,False,1.67684470561714,14,,
52.715452247997746,nnp,RCUT2-t0.5,A,57321440543.372574,105608421806.93405,0.8423895283480336,False,0.8545966408206892,20,,
63.53082034806721,nnp,RCUT2-t0.5,A,60747930365.57922,94854210554.32172,0.561439377168768,False,0.6157978831320302,25,,
74.14099894813262,nnp,RCUT2-t0.5,A,61776681895.984634,87690191470.30113,0.41947072550688147,False,0.419470725506881,30,,
84.23559014801867,nnp,RCUT2-t0.5,CUT,70427432877.1445,87514645822.62268,0.24262155025990473,False,0.4161348314500148,31,12,2
94.47938704816625,nnp,RCUT2-t0.5,CUT,70561678613.29326,87514645822.62268,0.240257425028656,False,0.4161348314500148,31,12,5
105.76513264793903,nnp,RCUT2-t0.5,CUT,70576801961.63461,87514645822.62268,0.23999166001026007,False,0.4161348314500148,31,12,9
119.13847104809247,nnp,RCUT2-t0.5,A+,70581204228.07999,87547259689.96687,0.24037639549279777,False,0.42425585846566854,33,12,12
129.19302354799584,nnp,RCUT2-t0.5,A+,70584709466.97522,84250050261.76088,0.1936019981945143,False,0.3215954717876167,37,12,12
140.0012505480554,nnp,RCUT2-t0.5,A+,70587583315.68704,81005718779.33711,0.14759161561116652,False,0.23680959557364764,42,12,12
150.49455014802516,nnp,RCUT2-t0.5,A+,70587655824.48888,79521339764.08405,0.1265615614408293,False,0.1954009299053314,46,12,12
161.21111084800214,nnp,RCUT2-t0.5,A+,70588840263.22554,79300787204.40657,0.12341819059066861,False,0.18240532017860023,51,12,12
171.84249324793927,nnp,RCUT2-t0.5,A+,70593906319.21489,77657553181.07622,0.10006029174700415,False,0.14648207043633682,56,12,12
182.78621444804594,nnp,RCUT2-t0.5,A+,70595984750.12662,76898722941.44972,0.08927898964270486,False,0.13180129998056098,62,12,12
193.3221120480448,nnp,RCUT2-t0.5,A+,70597491147.33348,76177042043.12045,0.07903327448482167,False,0.11831591355316481,66,12,12
204.05672374810092,nnp,RCUT2-t0.5,A+,70598279785.65245,75943629820.10623,0.07571501813759651,False,0.11098395239547952,71,12,12
215.15676284814253,nnp,RCUT2-t0.5,A+,70598678133.6439,75946636839.51799,0.07575154163298015,False,0.1080011504420652,77,12,12
225.7521405480802,nnp,RCUT2-t0.5,A+,70598943704.76808,75404442531.15979,0.06806757402047592,False,0.09985633728048156,82,12,12
236.73806284810416,nnp,RCUT2-t0.5,A+,70602124164.91849,75088433124.99194,0.06354354083729774,False,0.09374751883938483,88,12,12
246.88339174794964,nnp,RCUT2-t0.5,A+,70604469971.24171,74927582349.71211,0.06123000966130432,False,0.08922189100397429,91,12,12
257.2528566480614,nnp,RCUT2-t0.5,A+,70605335530.74242,74502630713.59576,0.055198309781509636,False,0.08217042252111058,96,12,12
267.97966794809327,nnp,RCUT2-t0.5,A+,70605787378.5603,74219343605.89429,0.051179320584012755,False,0.07543740671412613,101,12,12
278.29373504803516,nnp,RCUT2-t0.5,A+,70605906901.29121,73924856182.57993,0.04700668013412357,False,0.0708435082491673,106,12,12
289.1557672480121,nnp,RCUT2-t0.5,A+,70607847855.33412,73717599028.5091,0.044042571295281885,False,0.0656639871057878,111,12,12
299.3565601480659,nnp,RCUT2-t0.5,A+,70608183263.0849,73582809800.2605,0.042128637216060305,False,0.06287666395493478,116,12,12
300.33665234805085,nnp,RCUT2-t0.5,A+,70608183263.0849,74498622199.48975,0.05509898083497111,False,0.0757855275101487,116,12,12
17.272065615281463,nnn,RCUT2-t0.5,A,11111433767.39379,898133774820.6411,79.82969251512718,False,,1,,
28.618759115226567,nnn,RCUT2-t0.5,A,41388299278.891,102334910499.56342,1.472556550584252,False,1.4725565505842513,5,,
38.62986441515386,nnn,RCUT2-t0.5,A,49416039043.321,71157065429.17468,0.4399589041686287,False,0.43995890416862876,10,,
49.31373481522314,nnn,RCUT2-t0.5,A,52311908380.25205,65160161300.33372,0.24560856825731725,False,0.24560856825731744,15,,
59.70185141521506,nnn,RCUT2-t0.5,A,53948452553.18358,62453559895.327126,0.15765248009215882,False,0.1595341888480397,21,,
71.86545861512423,nnn,RCUT2-t0.5,CUT,55468056773.620415,61988975903.284996,0.11756170143616451,False,0.1426957378466549,22,12,3
81.92682871525176,nnn,RCUT2-t0.5,CUT,56162115079.232506,61988975903.284996,0.10375073687720016,False,0.1426957378466549,22,12,7
95.71978281531483,nnn,RCUT2-t0.5,CUT,56179472668.36333,61988975903.284996,0.10340971459835746,False,0.1426957378466549,22,12,11
106.33996291528456,nnn,RCUT2-t0.5,A+,56108326648.532585,61465905124.34463,0.09548633502068915,False,0.13271855416625183,23,12,12
116.90744851529598,nnn,RCUT2-t0.5,A+,56109246810.01916,60372694905.03565,0.07598476788419828,False,0.10645678013401723,28,12,12
127.10784991527908,nnn,RCUT2-t0.5,A+,56109278063.130226,60273108858.11433,0.07420930973838669,False,0.10108336170487893,32,12,12
137.88834681524895,nnn,RCUT2-t0.5,A+,56110023751.75917,59919384005.99865,0.0678909043256295,False,0.0925134705509419,37,12,12
148.59296361519955,nnn,RCUT2-t0.5,A+,56110146193.30781,59625165119.39855,0.06264497893092247,False,0.0825673476703693,42,12,12
158.8809494152665,nnn,RCUT2-t0.5,A+,56110218057.49642,59376861434.171394,0.05821833330477566,False,0.07747278280928406,47,12,12
169.6396633151453,nnn,RCUT2-t0.5,A+,56110306202.03155,58990071575.11204,0.05132328743157388,False,0.06617072957957225,52,12,12
179.9094192152843,nnn,RCUT2-t0.5,A+,56110516114.1589,58641835083.078735,0.04511309366268845,False,0.05864903171385796,57,12,12
190.46619491511956,nnn,RCUT2-t0.5,A+,56110557733.08836,58453783177.0636,0.04176086531026302,False,0.05420790737753482,61,12,12
201.38009821530432,nnn,RCUT2-t0.5,A+,56110699402.08401,58450324620.94404,0.04169659697332406,False,0.0523532858869079,67,12,12
211.85960531514138,nnn,RCUT2-t0.5,A+,56188357584.7129,58320699709.21983,0.03794989240061142,False,0.04906576666014536,72,12,12
222.79555541533045,nnn,RCUT2-t0.5,A+,56188849612.12381,58180179959.11321,0.03543995580503467,False,0.04528557576731689,78,12,12
233.1678081152495,nnn,RCUT2-t0.5,A+,56189515467.61414,58037667933.49442,0.03289141133358764,False,0.042632365161626246,82,12,12
243.97056331532076,nnn,RCUT2-t0.5,A+,56189528297.7253,57956261629.8416,0.03144239479561217,False,0.04031617914401479,88,12,12
254.31028491514735,nnn,RCUT2-t0.5,A+,56189609177.256966,57863717592.77361,0.029793914569426372,False,0.037744996728866144,93,12,12
264.6307239152957,nnn,RCUT2-t0.5,A+,56189841729.27774,57727649173.79792,0.027368068625808206,False,0.034688944628556734,98,12,12
275.3053636152763,nnn,RCUT2-t0.5,A+,56190541784.0563,57578665305.72893,0.02470386434441707,False,0.031819470690372643,103,12,12
286.342442415189,nnn,RCUT2-t0.5,A+,56190684144.692444,57510086240.937965,0.02348079786407342,False,0.03030682232185653,109,12,12
297.2188527153339,nnn,RCUT2-t0.5,A+,56190682937.53928,57409706786.06404,0.021694412397154972,False,0.028063134421143863,114,12,12
300.165975115262,nnn,RCUT2-t0.5,A+,56190715367.61312,57994167951.12749,0.03209520597336679,False,0.03839332745744496,116,12,12
3.416061948053539,all,RCUT2-t0.5,A,1103051510.3458784,7185070198565.131,6512.812030693059,0,,,,
3.420202615438029,all,RCUT2-t0.5,A,3706913968.2058887,7185070198565.131,1937.2889001987378,0,,,,
3.430438280571252,all,RCUT2-t0.5,A,4190155852.8557467,7185070198565.13,1713.750107366111,0,,,,
3.433470906224102,all,RCUT2-t0.5,A,4597047865.373908,7185070198565.13,1561.9748501608697,0,,,,
3.4930861683096737,all,RCUT2-t0.5,A,4795465159.273778,7185070198565.13,1497.3051612146905,0,,,,
3.5349716069176793,all,RCUT2-t0.5,A,4864125158.119636,7185070198565.129,1476.1556991232355,0,,,,
13.550774180563167,all,RCUT2-t0.5,A,28465010262.046436,6355671029843.232,222.28012431168904,0,,,,
13.573439068160951,all,RCUT2-t0.5,A,48772018308.759,5488481773806.854,111.53341494012301,0,,,,
13.675348515389487,all,RCUT2-t0.5,A,68348792379.38682,4737654993908.358,68.31585517430706,0,,,,
13.69264780706726,all,RCUT2-t0.5,A+,68376394447.01917,3839620256216.43,55.15417845981225,0,,,,
13.821807806147262,all,RCUT2-t0.5,A,71562315003.43597,2946262453580.0977,40.170586130963436,0,,,,
17.272065615281463,all,RCUT2-t0.5,A,82673748770.82977,2946262453580.097,34.63721855346232,0,,,,
17.948427407070994,all,RCUT2-t0.5,A+,82673900713.6821,2946261255688.4478,34.63713856797441,1,,,,
20.66228424804285,all,RCUT2-t0.5,A,99581970965.4331,2370871569183.075,22.808241052047986,1,,,,
22.256466015940532,all,RCUT2-t0.5,A,102055447189.93594,2370871569183.075,22.231210429862045,1,,,,
23.783698715502396,all,RCUT2-t0.5,A,120044441666.88237,2348236248130.3926,18.561390894270946,1,,,,
23.822278880747035,all,RCUT2-t0.5,A,127771507723.94853,2328625583292.435,17.224920600635404,1,,,,
24.12684736819938,all,RCUT2-t0.5,A,129876120109.72665,2324277854790.32,16.89611402640177,1,,,,
24.19852650631219,all,RCUT2-t0.5,A,130069484394.17674,2323896388089.5376,16.866576460370588,1,,,,
28.618759115226567,all,RCUT2-t0.5,A,160346349905.67395,1528097523768.4602,8.529980100372635,1,,,,
31.904857048066333,all,RCUT2-t0.5,A,186377016248.90198,1348993467229.0054,6.237981884136708,1,,,,
32.453665415989235,all,RCUT2-t0.5,A,217724625824.40247,613170370897.7023,1.816265585833325,1,,,,
34.00427368073724,all,RCUT2-t0.5,A,219390510481.00897,609490193054.6525,1.778106453731104,1,,,,
34.324275768129155,all,RCUT2-t0.5,CUT,220605723963.00974,608932890092.659,1.7602769282394615,1,,,,
34.97704680636525,all,RCUT2-t0.5,A,220700165234.8307,608980852052.0063,1.759313077106376,1,,,,
35.40204891539179,all,RCUT2-t0.5,A,227915156138.78027,568302603637.7893,1.4934831595479463,1,,,,
38.62986441515386,all,RCUT2-t0.5,A,235942895903.21027,537124758567.4006,1.2765032043505253,1,,,,
42.07462924811989,all,RCUT2-t0.5,A,241854975008.57358,518888418410.4936,1.145452738328411,1,,,,
43.03330821613781,all,RCUT2-t0.5,A,256835396786.54767,470942014489.21375,0.8336336049528528,1,,,,
44.36327908071689,all,RCUT2-t0.5,A,258139542983.95056,467626911744.39105,0.8115276192825098,1,,,,
45.209338806336746,all,RCUT2-t0.5,CUT,258449517498.3205,467626918918.5619,0.8093549697634885,1,,,,
46.147727015428245,all,RCUT2-t0.5,A,259203277139.20825,449024700078.7193,0.7323264776377236,1,,,,
49.31373481522314,all,RCUT2-t0.5,A,262099146476.1393,443027795949.87836,0.6903061376058706,1,,,,
49.63653016812168,all,RCUT2-t0.5,CUT,262470869179.37802,443027795949.87836,0.68791225226257,1,,,,
52.715452247997746,all,RCUT2-t0.5,A,269838442512.06238,423232526137.9057,0.5684663838029167,1,,,,
53.831622016150504,all,RCUT2-t0.5,A,274060116477.1916,392714744668.0877,0.4329510974311035,1,,,,
54.68315338063985,all,RCUT2-t0.5,A,274661865812.96436,391986913493.31104,0.42716176609766854,1,,,,
55.380912106251344,all,RCUT2-t0.5,A+,274661963694.52228,391979348975.01404,0.4271337163050781,1,,,,
56.52679751534015,all,RCUT2-t0.5,A,275776225066.1926,389904676276.2948,0.4138444174537117,1,,,,
59.70185141521506,all,RCUT2-t0.5,A,277412769239.12415,387198074871.2882,0.39574712416187086,1,,,,
60.2934453682974,all,RCUT2-t0.5,A+,277407214356.47736,386360901019.5873,0.3927572212419135,1,,,,
63.53082034806721,all,RCUT2-t0.5,A,280833704178.684,375606689766.9749,0.33747012619251127,1,,,,
64.28496461594477,all,RCUT2-t0.5,A,281609066835.563,365527803769.97986,0.2979972835300031,1,,,,
65.22046248055995,all,RCUT2-t0.5,A,281981855518.32526,365214509999.40784,0.29517024890870514,1,,,,
66.27710510627367,all,RCUT2-t0.5,A+,281981881465.3059,365202034673.2349,0.2951258881438741,1,,,,
67.21687751542777,all,RCUT2-t0.5,A,282688438363.3591,362852010550.2267,0.28357570140108734,1,,,,
71.86545861512423,all,RCUT2-t0.5,CUT,284208042583.79596,362387426558.1846,0.2750780142027056,1,,,,
72.18668006826192,all,RCUT2-t0.5,A+,284208104190.46075,362200973025.8926,0.27442169201186917,1,,,,
74.14099894813262,all,RCUT2-t0.5,A,285236855720.8662,355036953941.872,0.24470925415512368,1,,,,
75.04930701595731,all,RCUT2-t0.5,A,286042841378.74194,351051790017.7607,0.22726997230789658,1,,,,
76.9207483062055,all,RCUT2-t0.5,A+,286042882102.9085,351034883753.37524,0.22721069362979218,1,,,,
77.3825626806356,all,RCUT2-t0.5,CUT,288396866296.36475,351034126530.5187,0.2171911957246655,1,,,,
81.64147741557099,all,RCUT2-t0.5,CUT,290292866063.22675,349677101988.5472,0.20456663896241367,1,,,,
81.92682871525176,all,RCUT2-t0.5,CUT,290986924368.83887,349677101988.5472,0.20169352195810664,1,,,,
82.71505426825024,all,RCUT2-t0.5,A+,290988877230.0574,349648672772.21655,0.20158775861313227,1,,,,
84.23559014801867,all,RCUT2-t0.5,CUT,299639628211.2172,349473127124.53815,0.16631144288496147,1,,,,
85.51602171594277,all,RCUT2-t0.5,CUT,302501625762.49286,353790020365.9264,0.16954750069245006,1,,,,
86.92430380615406,all,RCUT2-t0.5,A+,302501731816.2971,353758534279.2765,0.1694430050208986,1,,,,
90.15876888064668,all,RCUT2-t0.5,A+,302619116937.2574,353750820642.2496,0.16896389171472403,1,,,,
92.03406541538425,all,RCUT2-t0.5,CUT,304213408047.1654,353750820642.2496,0.16283770302262246,1,,,,
92.91013046819717,all,RCUT2-t0.5,A+,304215808175.7568,353608213959.2041,0.16235976059111135,1,,,,
94.47938704816625,all,RCUT2-t0.5,CUT,304350053911.9055,353608213959.2041,0.1618470554355691,1,,,,
95.71978281531483,all,RCUT2-t0.5,CUT,304367411501.0363,353608213959.2041,0.16178079714687232,1,,,,
97.5337310063187,all,RCUT2-t0.5,A+,304367518906.8723,353570316109.1964,0.16165587372474777,1,,,,
98.17895571608096,all,RCUT2-t0.5,CUT,304832285094.3429,353570316109.1964,0.15988474121030039,1,,,,
100.41003188071772,all,RCUT2-t0.5,A+,304844673792.97424,353182979348.55884,0.15856700054537298,1,,,,
103.75356566812843,all,RCUT2-t0.5,A+,304846555443.88635,353079088987.143,0.1582190537564887,1,,,,
105.25605361536145,all,RCUT2-t0.5,A+,304874704147.2607,353104059581.43195,0.1581940212752957,1,,,,
105.76513264793903,all,RCUT2-t0.5,CUT,304889827495.602,353104059581.43195,0.15813657176386253,1,,,,
106.33996291528456,all,RCUT2-t0.5,A+,304818681475.77124,352580988802.4916,0.1566908796254889,1,,,,
107.86321520619094,all,RCUT2-t0.5,A+,304818774574.5602,352563825404.2116,0.15663421945150802,1,,,,
111.06512128072791,all,RCUT2-t0.5,A+,304819385922.7525,352465677405.0318,0.15630991230444202,1,,,,
113.381516616093,all,RCUT2-t0.5,A+,304892263574.3213,352022513286.80896,0.15458001183752268,1,,,,
114.38794056815095,all,RCUT2-t0.5,A+,304899159810.8159,351958715471.68365,0.15434465509864737,1,,,,
115.6366306154523,all,RCUT2-t0.5,A+,304903366815.80566,351117090931.43555,0.15156842837864737,1,,,,
116.90744851529598,all,RCUT2-t0.5,A+,304904286977.29224,350023880712.1266,0.14797953214149007,1,,,,
118.10644510621205,all,RCUT2-t0.5,A+,304904378171.41016,350013313913.5675,0.14794453268492647,1,,,,
119.13847104809247,all,RCUT2-t0.5,A+,304908780437.8555,350045927780.9117,0.14803492138940122,1,,,,
121.46668388065882,all,RCUT2-t0.5,A+,304908878145.26276,349777026648.47345,0.14715264696830155,1,,,,
123.77541621611454,all,RCUT2-t0.5,A+,304908878188.2737,342511686960.1983,0.12332474211756406,1,,,,
124.75736996810883,all,RCUT2-t0.5,A+,304915196885.61005,342437802804.7261,0.1230591531756049,1,,,,
125.64644471555948,all,RCUT2-t0.5,A+,304916007792.5488,341516437923.97095,0.1200344658727246,1,,,,
127.10784991527908,all,RCUT2-t0.5,A+,304916039045.6599,341416851877.0496,0.1197077495353529,1,,,,
128.59620010619983,all,RCUT2-t0.5,A+,304916159975.23816,341402374363.6949,0.11965982515134566,1,,,,
129.19302354799584,all,RCUT2-t0.5,A+,304919665214.1334,338105164935.4889,0.10883358309491298,1,,,,
131.23834996810183,all,RCUT2-t0.5,A+,304922804864.2369,338078025561.2021,0.10873316186281046,2,,,,
131.7392663806677,all,RCUT2-t0.5,A+,304923271694.1581,337807985681.8727,0.10784586497779158,2,,,,
134.1791427161079,all,RCUT2-t0.5,A+,304926603079.42865,336439468543.1829,0.10334574007485231,2,,,,
136.0614574153442,all,RCUT2-t0.5,A+,304995721574.62805,335957105181.19,0.10151415713871303,2,,,,
137.88834681524895,all,RCUT2-t0.5,A+,304996467263.257,335603380329.07434,0.10035169698998203,2,,,,
138.87189520616084,all,RCUT2-t0.5,A+,304996536587.59717,335586701827.44495,0.10029676265212961,2,,,,
140.0012505480554,all,RCUT2-t0.5,A+,304999410436.309,332342370345.0212,0.08964922217258509,2,,,,
142.17926238058135,all,RCUT2-t0.5,A+,304999679595.36676,332234753708.01984,0.08929541876498015,2,,,,
145.02268791594543,all,RCUT2-t0.5,A+,304999776126.1115,330846887706.5966,0.08474469033642129,2,,,,
146.2632073154673,all,RCUT2-t0.5,A+,305012040492.7045,330558542768.86755,0.08375571742969945,2,,,,
148.59296361519955,all,RCUT2-t0.5,A+,305012162934.2532,330264323882.26746,0.08279066875591279,2,,,,
148.94274090626277,all,RCUT2-t0.5,A+,305012202794.8843,330255722585.4254,0.08276232740601852,2,,,,
150.49455014802516,all,RCUT2-t0.5,A+,305012275303.68616,328771343570.17236,0.07789544943012672,2,,,,
153.0459108806681,all,RCUT2-t0.5,A+,305018217970.02155,328733222721.6635,0.07774946988239484,2,,,,
155.93344211601652,all,RCUT2-t0.5,A+,305024704703.9725,327661246363.926,0.07421215826410643,2,,,,
156.85405961540528,all,RCUT2-t0.5,A+,305030641665.7022,327368091422.9209,0.07323018315549867,2,,,,
158.8809494152665,all,RCUT2-t0.5,A+,305030713529.8908,327119787737.6937,0.07241590183553215,2,,,,
159.30964020616375,all,RCUT2-t0.5,A+,305031054325.6117,327108895709.0452,0.07237899574600726,2,,,,
161.21111084800214,all,RCUT2-t0.5,A+,305032238764.3484,326888343149.36774,0.07165178498363312,2,,,,
163.78021998074837,all,RCUT2-t0.5,A+,305034908508.7387,326748491837.29767,0.07118392919260552,2,,,,
164.11952340626158,all,RCUT2-t0.5,A+,305034942274.52686,326743624554.88995,0.07116785414316773,3,,,,
166.7044528159313,all,RCUT2-t0.5,A+,305048161193.6832,325970701687.1189,0.06858766304823383,3,,,,
167.37014061538503,all,RCUT2-t0.5,A+,305052279216.8077,325545715003.15234,0.06718007758853517,3,,,,
169.6396633151453,all,RCUT2-t0.5,A+,305052367361.3428,325158925144.093,0.06591182345729352,3,,,,
171.84249324793927,all,RCUT2-t0.5,A+,305057433417.33215,323515691120.76263,0.06050748377659998,3,,,,
174.0612455806695,all,RCUT2-t0.5,A+,305070852162.2606,323403622427.97455,0.06009348364740896,3,,,,
177.38067851541564,all,RCUT2-t0.5,A+,305071701883.66266,323313932570.38104,0.05979653495909942,3,,,,
177.50090411608107,all,RCUT2-t0.5,A+,305087529847.7101,322849183082.45355,0.05821822099254437,3,,,,
179.9094192152843,all,RCUT2-t0.5,A+,305087739759.83746,322500946590.4203,0.05707606226422057,3,,,,
182.78621444804594,all,RCUT2-t0.5,A+,305089818190.7492,321742116350.79376,0.05458162536788813,3,,,,
184.8447645807173,all,RCUT2-t0.5,A+,305090544723.40436,321691688920.2844,0.0544138272522694,3,,,,
187.56239171535708,all,RCUT2-t0.5,A+,305103996296.3391,321358107646.6748,0.053274003446839524,3,,,,
188.15915781608783,all,RCUT2-t0.5,A+,305108524881.3813,320875089911.4978,0.05167526877935047,3,,,,
190.46619491511956,all,RCUT2-t0.5,A+,305108566500.3108,320687038005.48267,0.05105878108852124,3,,,,
193.3221120480448,all,RCUT2-t0.5,A+,305110072897.51764,319965357107.1534,0.04868827852374924,3,,,,
194.9072994806338,all,RCUT2-t0.5,A+,305111413352.2695,319923920025.3307,0.04854786161656732,3,,,,
198.01695581548847,all,RCUT2-t0.5,A+,305112019693.6009,319850339879.2225,0.04830462005535563,3,,,,
198.740274816053,all,RCUT2-t0.5,A+,305112145491.8802,319531393955.0527,0.04725884785716028,3,,,,
201.38009821530432,all,RCUT2-t0.5,A+,305112287160.8758,319527935398.9331,0.047247026241379775,3,,,,
204.05672374810092,all,RCUT2-t0.5,A+,305113075799.19476,319294523175.9189,0.046479317019036515,3,,,,
204.9988192806486,all,RCUT2-t0.5,A+,305138436049.21014,319199380002.8396,0.04608054014985452,3,,,,
208.10685011534952,all,RCUT2-t0.5,A+,305143459491.7098,319147913658.28296,0.04589465620498956,3,,,,
209.0063717160374,all,RCUT2-t0.5,A+,305145081925.6837,319002473993.5517,0.045412470620263434,3,,,,
211.85960531514138,all,RCUT2-t0.5,A+,305222740108.3126,318872849081.82745,0.04472179552765598,3,,,,
215.15676284814253,all,RCUT2-t0.5,A+,305223138456.3041,318875856101.2392,0.044730283929275805,3,,,,
215.2228506805841,all,RCUT2-t0.5,A+,305224596792.0834,318833616412.8288,0.04458690342710425,3,,,,
218.36769611551426,all,RCUT2-t0.5,A+,305224856898.8816,318776185168.0412,0.04439785280544517,3,,,,
219.18078341614455,all,RCUT2-t0.5,A+,305225812190.6732,318472761500.7679,0.04340048836308563,3,,,,
222.79555541533045,all,RCUT2-t0.5,A+,305226304218.08417,318332241750.66125,0.04293842749284438,3,,,,
225.41490278067067,all,RCUT2-t0.5,A+,305226902967.6194,318317046970.3535,0.042886599691780214,3,,,,
225.7521405480802,all,RCUT2-t0.5,A+,305227168538.7436,317774852661.99536,0.0411093291050173,3,,,,
228.84844451537356,all,RCUT2-t0.5,A+,305229695923.11786,317629887265.4237,0.04062576973319554,3,,,,
230.9426461160183,all,RCUT2-t0.5,A+,305273650918.67975,317482267792.95245,0.03999237024726021,3,,,,
233.1678081152495,all,RCUT2-t0.5,A+,305274316774.17004,317339755767.3337,0.03952326917199911,3,,,,
235.6270745806396,all,RCUT2-t0.5,A+,305275679962.5159,317318992579.16785,0.039450612699087895,3,,,,
236.73806284810416,all,RCUT2-t0.5,A+,305278860422.6663,317002983173.0,0.038404633501649466,3,,,,
239.54026281554252,all,RCUT2-t0.5,A+,305294781357.3466,316840152802.3145,0.03781712675741433,3,,,,
241.4751755159814,all,RCUT2-t0.5,A+,305294976718.3548,316633497564.6059,0.037139559150726864,3,,,,
243.97056331532076,all,RCUT2-t0.5,A+,305294989548.46594,316552091260.95306,0.03687286754733998,3,,,,
245.82907738070935,all,RCUT2-t0.5,A+,305295721348.9371,316457718603.0286,0.0365612633048793,3,,,,
246.88339174794964,all,RCUT2-t0.5,A+,305298067155.26025,316296867827.74884,0.036026434018971765,3,,,,
249.85690591554157,all,RCUT2-t0.5,A+,305299435656.93134,316208957873.44147,0.0357338433758827,3,,,,
251.58503781608306,all,RCUT2-t0.5,A+,305300085940.6925,316071691740.65234,0.035282026753350904,3,,,,
254.31028491514735,all,RCUT2-t0.5,A+,305300166820.2242,315979147703.58435,0.034978627737365375,3,,,,
256.28196408064105,all,RCUT2-t0.5,A+,305300381764.7815,315958306619.15137,0.034909634874224604,3,,,,
257.2528566480614,all,RCUT2-t0.5,A+,305301247324.2822,315533354983.03503,0.0335147915327203,3,,,,
260.6216180154588,all,RCUT2-t0.5,A+,305302467613.3072,315488543898.2505,0.03336388455872186,3,,,,
262.0122122159228,all,RCUT2-t0.5,A+,305309735450.30914,315368916115.0218,0.0329474612064895,3,,,,
264.6307239152957,all,RCUT2-t0.5,A+,305309968002.3299,315232847696.04614,0.03250100138767986,3,,,,
266.4211809807457,all,RCUT2-t0.5,A+,305313410657.1568,315213873177.7882,0.03242721143274263,3,,,,
267.97966794809327,all,RCUT2-t0.5,A+,305313862504.97473,314930586070.08673,0.03149782812418245,3,,,,
272.6765533159487,all,RCUT2-t0.5,A+,305313870083.1362,314860581089.71,0.03126851395245889,3,,,,
275.3053636152763,all,RCUT2-t0.5,A+,305314570137.9148,314711597221.64105,0.030778180941320565,3,,,,
276.81153828068636,all,RCUT2-t0.5,A+,305320097753.25793,314668884040.01953,0.030619622997490215,3,,,,
278.29373504803516,all,RCUT2-t0.5,A+,305320217275.98883,314374396616.7052,0.029654699651061822,3,,,,
281.7274559154175,all,RCUT2-t0.5,A+,305320237886.4602,314335787516.6772,0.029528175703733117,3,,,,
282.9863789160736,all,RCUT2-t0.5,A+,305322403184.9199,314282964431.06024,0.02934786688650992,3,,,,
286.342442415189,all,RCUT2-t0.5,A+,305322545545.556,314214385366.2693,0.02912277507979355,3,,,,
287.4104044807609,all,RCUT2-t0.5,A+,305325530460.34406,314188004519.83466,0.02902631183880522,3,,,,
289.1557672480121,all,RCUT2-t0.5,A+,305327471414.38696,313980747365.7638,0.028340967523464933,3,,,,
292.2798279153649,all,RCUT2-t0.5,A+,305333039374.3639,313941267526.15515,0.028192914102678657,3,,,,
294.10138491610996,all,RCUT2-t0.5,A+,305339001251.1535,313881827304.17816,0.0279781685864553,3,,,,
297.2188527153339,all,RCUT2-t0.5,A+,305339000044.0003,313781447849.30426,0.027649425078641654,3,,,,
297.7720195807051,all,RCUT2-t0.5,A+,305353681619.5069,313756057962.2504,0.027516866009866803,3,,,,
299.3565601480659,all,RCUT2-t0.5,A+,305354017027.2577,313621268734.00183,0.027074317826990102,3,,,,
300.06810558075085,all,RCUT2-t0.5,A+,305354021421.13763,313628304826.5986,0.02709734545807474,3,,,,
300.1411329153925,all,RCUT2-t0.5,A+,305361128709.1814,313618325675.9454,0.027040759908337764,3,,,,
300.1653437160421,all,RCUT2-t0.5,A+,305370832740.6281,313691790399.80005,0.0272486981958735,3,,,,
300.165975115262,all,RCUT2-t0.5,A+,305370865170.70197,314276251564.86346,0.029162527961478668,3,,,,
300.33665234805085,all,RCUT2-t0.5,A+,305370865170.70197,315192063964.0927,0.03216154490671763,3,,,,
