design_id,cost_cny,lambda_max,bottleneck,design
0,0.0,0.5469150866641825,voltage:2,01:L; 12:L; 13:L
1,10320.0,0.5469150866641825,voltage:2,01:L; 12:L; 13:M
2,15600.0,0.5469150866641825,voltage:2,01:L; 12:L; 13:H
3,7740.0,0.5469150866641825,voltage:3,01:L; 12:M; 13:L
4,18060.0,0.5833333333333334,capacity:01,01:L; 12:M; 13:M
5,23340.0,0.5833333333333334,capacity:01,01:L; 12:M; 13:H
6,11700.0,0.5469150866641825,voltage:3,01:L; 12:H; 13:L
7,22020.0,0.5833333333333334,capacity:01,01:L; 12:H; 13:M
8,27300.0,0.5833333333333334,capacity:01,01:L; 12:H; 13:H
9,9460.0,0.8466403292460464,voltage:2,01:M; 12:L; 13:L
10,19780.0,0.8466403292460464,voltage:2,01:M; 12:L; 13:M
11,25060.0,0.8466403292460464,voltage:2,01:M; 12:L; 13:H
12,17200.0,0.8466403292460465,voltage:3,01:M; 12:M; 13:L
13,27520.0,0.9954178876126037,voltage:2,01:M; 12:M; 13:M
14,32800.0,0.9954178876126037,voltage:2,01:M; 12:M; 13:H
15,21160.0,0.8466403292460465,voltage:3,01:M; 12:H; 13:L
16,31480.0,0.9954178876126037,voltage:3,01:M; 12:H; 13:M
17,36760.0,1.0833333333333333,capacity:01,01:M; 12:H; 13:H
18,14300.0,1.2273796366934238,voltage:2,01:H; 12:L; 13:L
19,24620.0,1.2273796366934238,voltage:2,01:H; 12:L; 13:M
20,29900.0,1.2273796366934238,voltage:2,01:H; 12:L; 13:H
21,22040.0,1.227379636693424,voltage:3,01:H; 12:M; 13:L
22,32360.0,1.5668874267432231,voltage:2,01:H; 12:M; 13:M
23,37640.0,1.5668874267432231,voltage:2,01:H; 12:M; 13:H
24,26000.0,1.227379636693424,voltage:3,01:H; 12:H; 13:L
25,36320.0,1.5668874267432231,voltage:3,01:H; 12:H; 13:M
26,41600.0,1.6666666666666667,capacity:01,01:H; 12:H; 13:H
27,11680.0,0.419551299358825,voltage:3,01:L; 12:L; 23:L
28,14080.0,0.4413436315254956,voltage:3,01:L; 12:L; 23:M
29,17600.0,0.4547126987642854,voltage:3,01:L; 12:L; 23:H
30,19420.0,0.4820297078817756,voltage:3,01:L; 12:M; 23:L
31,21820.0,0.511020062728434,voltage:3,01:L; 12:M; 23:M
32,25340.0,0.5290297085740786,voltage:3,01:L; 12:M; 23:H
33,23380.0,0.5264015470440436,voltage:3,01:L; 12:H; 23:L
34,25780.0,0.5611672700157672,voltage:3,01:L; 12:H; 23:M
35,29300.0,0.5829603446740476,voltage:3,01:L; 12:H; 23:H
36,21140.0,0.5759703583042481,voltage:3,01:M; 12:L; 23:L
37,23540.0,0.6178522760652227,voltage:3,01:M; 12:L; 23:M
38,27060.0,0.6443745139693644,voltage:3,01:M; 12:L; 23:H
39,28880.0,0.700641897236557,voltage:3,01:M; 12:M; 23:L
40,31280.0,0.7636082425521343,voltage:3,01:M; 12:M; 23:M
41,34800.0,0.804534540547857,voltage:3,01:M; 12:M; 23:H
42,32840.0,0.7984719367559082,voltage:3,01:M; 12:H; 23:L
43,35240.0,0.881288990662116,voltage:3,01:M; 12:H; 23:M
44,38760.0,0.9362557325249337,voltage:3,01:M; 12:H; 23:H
45,25980.0,0.7300308126526217,voltage:3,01:H; 12:L; 23:L
46,28380.0,0.7986489441863077,voltage:3,01:H; 12:L; 23:M
47,31900.0,0.8435278770945185,voltage:3,01:H; 12:L; 23:H
48,33720.0,0.9426248999344807,voltage:3,01:H; 12:M; 23:L
49,36120.0,1.060246636302032,voltage:3,01:H; 12:M; 23:M
50,39640.0,1.140823931839494,voltage:3,01:H; 12:M; 23:H
51,37680.0,1.1286721139090512,voltage:3,01:H; 12:H; 23:L
52,40080.0,1.301564223212587,voltage:3,01:H; 12:H; 23:M
53,43600.0,1.4251328167627026,voltage:3,01:H; 12:H; 23:H
54,21900.0,0.740981730319215,voltage:3,01:L; 13:L; 02:L
55,26400.0,0.740981730319215,voltage:3,01:L; 13:L; 02:M
56,33000.0,0.740981730319215,voltage:3,01:L; 13:L; 02:H
57,32220.0,0.852496720784941,voltage:3,01:L; 13:M; 02:L
58,36720.0,0.852496720784941,voltage:3,01:L; 13:M; 02:M
59,43320.0,0.852496720784941,voltage:3,01:L; 13:M; 02:H
60,37500.0,0.875,capacity:01,01:L; 13:H; 02:L
61,42000.0,0.875,capacity:01,01:L; 13:H; 02:M
62,48600.0,0.875,capacity:01,01:L; 13:H; 02:H
63,31360.0,1.0892905149680527,voltage:3,01:M; 13:L; 02:L
64,35860.0,1.0892905149680527,voltage:3,01:M; 13:L; 02:M
65,42460.0,1.0892905149680527,voltage:3,01:M; 13:L; 02:H
66,41680.0,1.3486306864428825,voltage:3,01:M; 13:M; 02:L
67,46180.0,1.3486306864428825,voltage:3,01:M; 13:M; 02:M
68,52780.0,1.3486306864428825,voltage:3,01:M; 13:M; 02:H
69,46960.0,1.531362242659711,voltage:2,01:M; 13:H; 02:L
70,51460.0,1.5586839984784884,voltage:3,01:M; 13:H; 02:M
71,58060.0,1.5586839984784884,voltage:3,01:M; 13:H; 02:H
72,36200.0,1.4841965002576183,voltage:3,01:H; 13:L; 02:L
73,40700.0,1.4841965002576183,voltage:3,01:H; 13:L; 02:M
74,47300.0,1.4841965002576183,voltage:3,01:H; 13:L; 02:H
75,46520.0,1.531362242659711,voltage:2,01:H; 13:M; 02:L
76,51020.0,2.011144422493353,voltage:3,01:H; 13:M; 02:M
77,57620.0,2.011144422493353,voltage:3,01:H; 13:M; 02:H
78,51800.0,1.531362242659711,voltage:2,01:H; 13:H; 02:L
79,56300.0,2.375,transformer,01:H; 13:H; 02:M
80,62900.0,2.375,transformer,01:H; 13:H; 02:H
81,11680.0,0.3704908651596075,voltage:2,01:L; 13:L; 23:L
82,14080.0,0.3933599148222738,voltage:2,01:L; 13:L; 23:M
83,17600.0,0.40760127709982563,voltage:2,01:L; 13:L; 23:H
84,22000.0,0.4372148959488891,voltage:2,01:L; 13:M; 23:L
85,24400.0,0.469420982838296,voltage:2,01:L; 13:M; 23:M
86,27920.0,0.4898452899389799,voltage:2,01:L; 13:M; 23:H
87,27280.0,0.48684445068015225,voltage:2,01:L; 13:H; 23:L
88,29680.0,0.5271138512034932,voltage:2,01:L; 13:H; 23:M
89,33200.0,0.5530055042997015,voltage:2,01:L; 13:H; 23:H
90,21140.0,0.487371336017741,voltage:2,01:M; 13:L; 23:L
91,23540.0,0.5277315594522819,voltage:2,01:M; 13:L; 23:M
92,27060.0,0.553685425294161,voltage:2,01:M; 13:L; 23:H
93,31460.0,0.6097908695214906,voltage:2,01:M; 13:M; 23:L
94,33860.0,0.6743153432214413,voltage:2,01:M; 13:M; 23:M
95,37380.0,0.7172764552044947,voltage:2,01:M; 13:M; 23:H
96,36740.0,0.7108604530428649,voltage:2,01:M; 13:H; 23:L
97,39140.0,0.8001119763121888,voltage:2,01:M; 13:H; 23:M
98,42660.0,0.8613249830734591,voltage:2,01:M; 13:H; 23:H
99,25980.0,0.5933209909406472,voltage:2,01:H; 13:L; 23:L
100,28380.0,0.6542329609835489,voltage:2,01:H; 13:L; 23:M
101,31900.0,0.6945966648535505,voltage:2,01:H; 13:L; 23:H
102,36300.0,0.7852306162476035,voltage:2,01:H; 13:M; 23:L
103,38700.0,0.8955835386440031,voltage:2,01:H; 13:M; 23:M
104,42220.0,0.9729828670636814,voltage:2,01:H; 13:M; 23:H
105,41580.0,0.9612144230895214,voltage:2,01:H; 13:H; 23:L
106,43980.0,1.13195185563977,voltage:2,01:H; 13:H; 23:M
107,47500.0,1.258484221254161,voltage:2,01:H; 13:H; 23:H
108,33580.0,0.7122615082138192,voltage:3,01:L; 02:L; 23:L
109,35980.0,0.7774307985660357,voltage:3,01:L; 02:L; 23:M
110,39500.0,0.8198933685611147,voltage:3,01:L; 02:L; 23:H
111,38080.0,1.1247552090055435,voltage:3,01:L; 02:M; 23:L
112,40480.0,1.296358179216414,voltage:3,01:L; 02:M; 23:M
113,44000.0,1.4,capacity:01,01:L; 02:M; 23:H
114,44680.0,1.4,capacity:01,01:L; 02:H; 23:L
115,47080.0,1.4,capacity:01,01:L; 02:H; 23:M
116,50600.0,1.4,capacity:01,01:L; 02:H; 23:H
117,43040.0,0.7122615082138192,voltage:3,01:M; 02:L; 23:L
118,45440.0,0.7774307985660357,voltage:3,01:M; 02:L; 23:M
119,48960.0,0.8198933685611147,voltage:3,01:M; 02:L; 23:H
120,47540.0,1.1247552090055435,voltage:3,01:M; 02:M; 23:L
121,49940.0,1.296358179216414,voltage:3,01:M; 02:M; 23:M
122,53460.0,1.418893709908554,voltage:3,01:M; 02:M; 23:H
123,54140.0,1.6732717146455303,voltage:3,01:M; 02:H; 23:L
124,56540.0,2.0835895743407824,voltage:3,01:M; 02:H; 23:M
125,60060.0,2.375,transformer,01:M; 02:H; 23:H
126,47880.0,0.7122615082138192,voltage:3,01:H; 02:L; 23:L
127,50280.0,0.7774307985660357,voltage:3,01:H; 02:L; 23:M
128,53800.0,0.8198933685611147,voltage:3,01:H; 02:L; 23:H
129,52380.0,1.1247552090055435,voltage:3,01:H; 02:M; 23:L
130,54780.0,1.296358179216414,voltage:3,01:H; 02:M; 23:M
131,58300.0,1.418893709908554,voltage:3,01:H; 02:M; 23:H
132,58980.0,1.6732717146455303,voltage:3,01:H; 02:H; 23:L
133,61380.0,2.0835895743407824,voltage:3,01:H; 02:H; 23:M
134,64900.0,2.375,transformer,01:H; 02:H; 23:H
135,21900.0,0.31903380055410646,voltage:3,12:L; 13:L; 02:L
136,26400.0,0.4440922061983282,voltage:3,12:L; 13:L; 02:M
137,33000.0,0.5707258556885892,voltage:3,12:L; 13:L; 02:H
138,32220.0,0.3380744650838161,voltage:3,12:L; 13:M; 02:L
139,36720.0,0.4818699512025132,voltage:3,12:L; 13:M; 02:M
140,43320.0,0.6346712726226564,voltage:3,12:L; 13:M; 02:H
141,37500.0,0.34989475761314165,voltage:3,12:L; 13:H; 02:L
142,42000.0,0.5062463867516337,voltage:3,12:L; 13:H; 02:M
143,48600.0,0.677647797140138,voltage:3,12:L; 13:H; 02:H
144,29640.0,0.3595321642866356,voltage:3,12:M; 13:L; 02:L
145,34140.0,0.5266725902427453,voltage:3,12:M; 13:L; 02:M
146,40740.0,0.7147539199396524,voltage:3,12:M; 13:L; 02:H
147,39960.0,0.3838983187874397,voltage:3,12:M; 13:M; 02:L
148,44460.0,0.5806604344406856,voltage:3,12:M; 13:M; 02:M
149,51060.0,0.8179644501906471,voltage:3,12:M; 13:M; 02:H
150,45240.0,0.39921268258246123,voltage:3,12:M; 13:H; 02:L
151,49740.0,0.6164274430483999,voltage:3,12:M; 13:H; 02:M
152,56340.0,0.8907725458380823,voltage:3,12:M; 13:H; 02:H
153,33600.0,0.3873656273832328,voltage:3,12:H; 13:L; 02:L
154,38100.0,0.5886297243977884,voltage:3,12:H; 13:L; 02:M
155,44700.0,0.8338677337695612,voltage:3,12:H; 13:L; 02:H
156,43920.0,0.4157996451179846,voltage:3,12:H; 13:M; 02:L
157,48420.0,0.656889971345267,voltage:3,12:H; 13:M; 02:M
158,55020.0,0.9778085783728185,voltage:3,12:H; 13:M; 02:H
159,49200.0,0.4338247092328849,voltage:3,12:H; 13:H; 02:L
160,53700.0,0.7030376243927661,voltage:3,12:H; 13:H; 02:M
161,60300.0,1.083694746079972,voltage:3,12:H; 13:H; 02:H
162,33580.0,0.4083632647092563,voltage:1,12:L; 02:L; 23:L
163,35980.0,0.4083632647092563,voltage:1,12:L; 02:L; 23:M
164,39500.0,0.4083632647092563,voltage:1,12:L; 02:L; 23:H
165,38080.0,0.6385204327671568,voltage:1,12:L; 02:M; 23:L
166,40480.0,0.6385204327671568,voltage:1,12:L; 02:M; 23:M
167,44000.0,0.6385204327671568,voltage:1,12:L; 02:M; 23:H
168,44680.0,0.9376546915530164,voltage:1,12:L; 02:H; 23:L
169,47080.0,0.9376546915530164,voltage:1,12:L; 02:H; 23:M
170,50600.0,0.9376546915530164,voltage:1,12:L; 02:H; 23:H
171,41320.0,0.4488068032131899,voltage:1,12:M; 02:L; 23:L
172,43720.0,0.4488068032131899,voltage:1,12:M; 02:L; 23:M
173,47240.0,0.4488068032131899,voltage:1,12:M; 02:L; 23:H
174,45820.0,0.7432453560840775,voltage:1,12:M; 02:M; 23:L
175,48220.0,0.7432453560840775,voltage:1,12:M; 02:M; 23:M
176,51740.0,0.7432453560840775,voltage:1,12:M; 02:M; 23:H
177,52420.0,1.1822835049578209,voltage:1,12:M; 02:H; 23:L
178,54820.0,1.1822835049578209,voltage:1,12:M; 02:H; 23:M
179,58340.0,1.1822835049578209,voltage:1,12:M; 02:H; 23:H
180,45280.0,0.4504006596057974,voltage:3,12:H; 02:L; 23:L
181,47680.0,0.4754608155874367,voltage:1,12:H; 02:L; 23:M
182,51200.0,0.4754608155874367,voltage:1,12:H; 02:L; 23:H
183,49780.0,0.747626704077883,voltage:3,12:H; 02:M; 23:L
184,52180.0,0.8193073078700938,voltage:1,12:H; 02:M; 23:M
185,55700.0,0.8193073078700938,voltage:1,12:H; 02:M; 23:H
186,56380.0,1.1934085431898949,voltage:3,12:H; 02:H; 23:L
187,58780.0,1.3871292749823643,voltage:1,12:H; 02:H; 23:M
188,62300.0,1.3871292749823643,voltage:1,12:H; 02:H; 23:H
189,33580.0,0.3022425478933641,voltage:1,13:L; 02:L; 23:L
190,35980.0,0.33391663965028684,voltage:1,13:L; 02:L; 23:M
191,39500.0,0.354973307733279,voltage:1,13:L; 02:L; 23:H
192,38080.0,0.41221448981254344,voltage:1,13:L; 02:M; 23:L
193,40480.0,0.47346693272041057,voltage:1,13:L; 02:M; 23:M
194,44000.0,0.516947148393888,voltage:1,13:L; 02:M; 23:H
195,44680.0,0.5191321987325384,voltage:1,13:L; 02:H; 23:L
196,47080.0,0.6201742638524563,voltage:1,13:L; 02:H; 23:M
197,50600.0,0.6969593908031074,voltage:1,13:L; 02:H; 23:H
198,43900.0,0.3317437814921598,voltage:1,13:M; 02:L; 23:L
199,46300.0,0.37029728262069644,voltage:1,13:M; 02:L; 23:M
200,49820.0,0.39637134293720827,voltage:1,13:M; 02:L; 23:H
201,48400.0,0.46911025827923997,voltage:1,13:M; 02:M; 23:L
202,50800.0,0.5500993589438073,voltage:1,13:M; 02:M; 23:M
203,54320.0,0.6096790585965884,voltage:1,13:M; 02:M; 23:H
204,55000.0,0.6127206518253547,voltage:1,13:M; 02:H; 23:L
205,57400.0,0.7585966940090138,voltage:1,13:M; 02:H; 23:M
206,60920.0,0.8767489733915022,voltage:1,13:M; 02:H; 23:H
207,49180.0,0.3511444061853446,voltage:1,13:H; 02:L; 23:L
208,51580.0,0.39463460885267343,voltage:1,13:H; 02:L; 23:M
209,55100.0,0.4243863560545695,voltage:1,13:H; 02:L; 23:H
210,53680.0,0.5088665633227251,voltage:1,13:H; 02:M; 23:L
211,56080.0,0.6055797695094716,voltage:1,13:H; 02:M; 23:M
212,59600.0,0.6785807675506664,voltage:1,13:H; 02:M; 23:H
213,60280.0,0.6823508130897767,voltage:1,13:H; 02:H; 23:L
214,62680.0,0.8682965883899819,voltage:1,13:H; 02:H; 23:M
215,66200.0,1.0266581804968156,voltage:1,13:H; 02:H; 23:H
