method,workers,repeat,status,certified_partitions,partitions,t_cert,wall_seconds,gap_final,t_gap_0.1,t_gap_0.05,t_gap_0.02,inner_ac_fr,inner_ac_mr,inner_socp_fr,inner_socp_mr,outer_ac_fr,outer_ac_mr,outer_socp_fr,outer_socp_mr,valid,inner_socp_infeasible_cells,outer_missed_ac_cells,outer_missed_socp_cells,undecided_ac_cells,x_star,cones,faces,unresolved_faces,other_seconds,pool_solve_seconds,misocp_count,misocp_seconds,socp_count,socp_seconds,lp_count,lp_seconds,discovery_count,discovery_seconds,cone_outer_count,cone_outer_seconds,support_count,support_seconds,coverage_count,coverage_seconds,obbt_count,obbt_seconds,ray_count,ray_seconds,zero_sp_count,zero_sp_seconds,cut_count,cut_seconds,phase_R_seconds,phase_A_seconds,phase_B_seconds,phase_C_seconds,phase_CUT_seconds,phase_A+_seconds,base_method,inner_exact,threshold,patience,cut_networks,cut_accepted,cut_in_inner,shared_cuts,cut_sp,cut_lp,cut_rays,cut_failures
H,1,1,certified,4,4,75.80640136823058,76.01709046843462,0.004253837946857297,70.96917316829786,71.80629026843235,75.67278766841628,0.8087072844460659,0.0673854447439353,0.0,12.48869259830788,1.0966373826113298,0.0,0.07270524083611027,12.23859947852924,True,0,0,2300,0,19,10,167,0,1.9581053026486188,0,54,36.799898099387065,233,36.79769249819219,126,0.1334448999259621,31,12.13076589955017,17,7.802363799652085,285,2.065422099083662,6,16.86676840018481,21,32.888666700106114,40,1.7110035994555801,13,0.2660449994727969,0,0.0,,53.316487800329924,3.3817298994399607,18.525565199786797,,,H,True,,,,,,,,,,
H,1,2,certified,4,4,78.04538726899773,78.23922546883114,0.004253837946857297,73.17166196880862,74.05812366888858,77.9231189689599,0.8087072844460659,0.0673854447439353,0.0,12.48869259830788,1.0966373826113298,0.0,0.07270524083611027,12.23859947852924,True,0,0,2300,0,19,10,167,0,1.8355404972098768,0,54,38.06739570060745,233,37.90055940137245,126,0.1340217008255422,31,12.622589600039646,17,8.139515000628307,285,2.0594029009807855,6,17.305291099939495,21,33.900158000178635,40,1.7857325009535998,13,0.2892877000849694,0,0.0,,55.201311899814755,3.2663227000739425,19.038561099674553,,,H,True,,,,,,,,,,
H,1,3,certified,4,4,77.85046640736982,78.04371600737795,0.004253837946857297,72.99815270723775,73.87906600744464,77.73281190730631,0.8087072844460659,0.0673854447439353,0.0,12.48869259830788,1.0966373826113298,0.0,0.07270524083611027,12.23859947852924,True,0,0,2300,0,19,10,167,0,1.8222162001766264,0,54,37.81248490023427,233,37.971699399873614,126,0.1377556996885687,31,12.477467000018805,17,8.06435290002264,285,2.0759133994579315,6,17.27066500019282,21,33.97788210003637,40,1.7739441997837275,13,0.2817154002841562,0,0.0,,55.06168229994364,3.277567399898544,18.98165940004401,,,H,True,,,,,,,,,,
H,16,1,certified,4,4,47.91612192662433,48.550194530515,0.0043154837775094546,21.04472240526229,21.924423705320805,25.731507105287164,0.8268985225269047,0.07963734378828718,0.0,12.483371468099824,1.1206008843661033,0.0,0.08480222908716457,12.227957218113128,True,0,0,2298,0,19,10,179,0,3.0637103971093893,1.8375175017863512,56,58.71957850060426,292,19.410588102415204,139,0.15086730127222836,31,12.69443319994025,17,8.032028800342232,354,1.9883848030585796,8,37.993116500321776,24,15.538863899884745,40,1.7628167003858835,13,0.2713900003582239,0,0.0,,36.79487849981524,1.997420700499788,39.962784100091085,,,H,True,,,,,,,,,,
H,16,2,certified,4,4,73.47408077446744,74.20519502274692,0.004280596309987006,21.39112350367941,22.282585503533483,25.218670503469184,0.8268985225269047,0.07963734378828718,0.0,12.483371468099824,1.1206008843661033,0.0,0.08480222908716457,12.227957218113128,True,0,0,2298,0,20,10,197,0,3.1481130975298584,2.025565702468157,57,83.97794519970194,310,19.305995103204623,158,0.1705871019512415,31,12.944290199549869,17,8.197982800193131,392,2.1961528044193983,9,62.835672199958935,23,15.183535399613902,40,1.8165612008888274,13,0.28033280023373663,0,0.0,,37.353762299753726,2.1320035005919635,64.30077440012246,,,H,True,,,,,,,,,,
H,16,3,certified,4,4,50.812618006486446,51.54692060733214,0.004244877001459146,21.27492690482177,22.14578780462034,26.636782004730776,0.808756460930374,0.07351139426611125,0.0,12.494013728515936,1.1026293469041561,0.0,0.07875923906458257,12.23859947852924,True,0,0,2300,0,20,10,200,0,3.2124309993814677,2.061957098543644,55,63.32543239905499,315,18.61088399984874,161,0.17645330005325377,31,12.870600599329919,17,8.191485200077295,401,2.2384103985968977,7,42.263346599647775,22,14.468277199659497,40,1.804776601260528,13,0.27587310038506985,0,0.0,,37.10376359988004,2.1489222997333854,43.22981129959226,,,H,True,,,,,,,,,,
R,1,1,certified,4,4,73.95088289957494,73.95252929953858,0.00749539392821319,65.46462279953994,66.31138159940019,67.53275479958393,0.7499085477380807,0.27566772849791715,0.0,12.722822327462353,1.0786571324687917,0.0,0.09089807296085323,12.270526259777577,True,0,0,2306,0,0,23,0,0,0.16699409973807633,0,75,36.82223459985107,122,36.957415400771424,0,0.0,31,12.264587700599805,44,24.557646899251267,0,0.0,0,0.0,21,32.96196599979885,86,3.6806127009913325,15,0.3148366999812424,0,0.0,73.94664410036057,,,,,,R,True,,,,,,,,,,
R,1,2,certified,4,4,75.53151290724054,75.53327880729921,0.00749539392821319,66.79565140744671,67.6458023074083,68.85102510731667,0.7499085477380807,0.27566772849791715,0.0,12.722822327462353,1.0786571324687917,0.0,0.09089807296085323,12.270526259777577,True,0,0,2306,0,0,23,0,0,0.18962169904261827,0,75,37.565700000850484,122,37.770577599527314,0,0.0,31,12.469374499982223,44,25.09632550086826,0,0.0,0,0.0,21,33.66732059977949,86,3.781036799773574,15,0.3222201999742538,0,0.0,75.52589929942042,,,,,,R,True,,,,,,,,,,
R,1,3,certified,4,4,76.63918370753527,76.64095910731703,0.00749539392821319,67.89420990739018,68.7437944074627,69.95056760753505,0.7499085477380807,0.27566772849791715,0.0,12.722822327462353,1.0786571324687917,0.0,0.09089807296085323,12.270526259777577,True,0,0,2306,0,0,23,0,0,0.19148440030403435,0,75,37.935537301469594,122,38.50803329865448,0,0.0,31,12.632997900713235,44,25.30253940075636,0,0.0,0,0.0,21,34.26868989970535,86,3.8772808988578618,15,0.3620625000912696,0,0.0,76.63505500042811,,,,,,R,True,,,,,,,,,,
R,16,1,certified,4,4,28.38693487131968,28.70586874592118,0.00749539392821319,19.8844779713545,20.736925171222538,21.928686071187258,0.7499085477380807,0.27566772849791715,0.0,12.722822327462353,1.0786571324687917,0.0,0.09089807296085323,12.270526259777577,True,0,0,2306,0,0,23,0,0,0.2347162989899516,0,75,37.425411401782185,122,14.18250889936462,0,0.0,31,12.497632100712508,44,24.927779301069677,0,0.0,0,0.0,21,10.087141700088978,86,3.7767689996398985,15,0.3185981996357441,0,0.0,51.84263660013676,,,,,,R,True,,,,,,,,,,
R,16,2,certified,4,4,28.98216873127967,29.310572499409318,0.00749539392821319,20.18848903127946,21.055326431291178,22.273791631218046,0.7499085477380807,0.27566772849791715,0.0,12.722822327462353,1.0786571324687917,0.0,0.09089807296085323,12.270526259777577,True,0,0,2306,0,0,23,0,0,0.24135199887678027,0,75,38.263510999735445,122,14.304238601354882,0,0.0,31,12.741680599516258,44,25.521830400219187,0,0.0,0,0.0,21,10.106060100253671,86,3.8699680007994175,15,0.3282105003017932,0,0.0,52.80910159996711,,,,,,R,True,,,,,,,,,,
R,16,3,certified,4,4,29.161877184873447,29.50190780730918,0.00749539392821319,20.237243184819818,21.12805528496392,22.38881588494405,0.7499085477380807,0.27566772849791715,0.0,12.722822327462353,1.0786571324687917,0.0,0.09089807296085323,12.270526259777577,True,0,0,2306,0,0,23,0,0,0.22962060081772506,0,75,38.32399099948816,122,14.366267399862409,0,0.0,31,12.733721099793911,44,25.59026989969425,0,0.0,0,0.0,21,10.128602200420573,86,3.9115247998852283,15,0.326140399556607,0,0.0,52.919879000168294,,,,,,R,True,,,,,,,,,,
RB,16,1,certified,4,4,27.843737544724718,28.310217461083084,0.00762742830843588,21.59205404459499,22.485750044696033,24.80622644466348,0.8274015939648355,0.14089683901004657,0.0,12.536582770180386,1.3595987672971177,0.0,0.1812798356396157,12.10025009311978,True,0,0,2274,0,18,16,169,0,2.708629002328962,1.6672859005630016,60,29.472438800148666,287,17.675373498350382,129,0.1433942997828126,31,13.916180500527844,29,15.556258299620822,320,1.8106802003458142,0,0.0,20,12.82191349985078,62,2.877846898511052,14,0.3083271994255483,0,0.0,,37.66457540006377,1.7960524999070913,,,8.515403600176796,RB,True,,,,,,,,,,
RCUT,16,1,certified,4,4,29.448917102999985,29.924256037920713,0.007034873368584771,21.839062402956188,22.738879403099418,26.378927402896807,0.9888976521264333,0.02450379808870375,0.10920342170721349,12.387591124354813,1.4310730028379928,0.0,0.253607873920657,12.10025009311978,True,18,0,2274,0,18,14,0,0,5.766384799499065,13.156068292446434,56,27.255870300577953,508,26.011115295346826,189,3.446372496895492,31,13.141389399534091,25,14.114480901043862,0,0.0,0,0.0,20,13.2542481997516,58,2.7359440997242928,14,0.3112272003199905,605,13.156068292446434,,37.398686699802056,,,4.770065400050953,6.823136799968779,RCUT,False,0.01,3,18,18,18,189,416,189,0,0
RCUT-t0.5,16,1,certified,4,4,29.885591722326353,30.318459099391475,0.0057013977144220185,21.77745612245053,22.693776922300458,26.79438072233461,0.9349766255843603,0.04288164665523156,0.054641491105579504,12.403554514978982,1.3595987672971177,0.0,0.1812798356396157,12.10025009311978,True,9,0,2274,0,18,15,0,0,6.553961101453751,14.47008800203912,58,28.433829999295995,546,27.03069090261124,207,3.8136673991102725,31,13.115738898981363,27,15.318091100314632,0,0.0,0,0.0,20,13.184012499870732,61,2.876662899972871,14,0.3135948998387903,658,14.47008800203912,,37.393032600404695,,,5.514335200190544,8.11464889999479,RCUT,False,0.005,3,18,18,18,207,451,207,0,0
RCUT-t2,16,1,certified,4,4,28.78824140271172,29.313448698958382,0.0055921557980276315,21.576052502729,22.457376402802765,24.55265070288442,1.1148136928203574,0.018377848566527813,0.22417449257800667,12.371627733730644,1.4310730028379928,0.0,0.253607873920657,12.10025009311978,True,37,0,2274,0,18,14,0,0,5.034529000055045,11.119497303385288,56,28.21500979969278,450,23.381081903120503,160,2.8954633004032075,31,14.281267199432477,25,13.933742600260302,0,0.0,0,0.0,20,12.184255200438201,58,2.659935899078846,14,0.31285680062137544,518,11.119497303385288,,37.288613100070506,,,4.09810039983131,6.711541700176895,RCUT,False,0.02,3,18,18,18,160,358,160,0,0
RCUT2,16,1,certified,4,4,32.394937973003834,32.93761429958977,0.007435830678647504,21.466884372988716,22.33805227302946,29.389807272935286,0.8270996776743903,0.10414114187699093,0.0,12.504655988932049,1.3595987672971177,0.0,0.1812798356396157,12.10025009311978,True,0,0,2274,0,18,15,0,0,12.101308600977063,28.59721509949304,58,27.95808809949085,855,41.65115110040642,189,3.420510398456827,31,12.93074299977161,27,15.027345099719241,0,0.0,0,0.0,20,13.33687139954418,410,18.413794302148744,20,0.4450626999605447,594,12.875933097209781,,37.16108899982646,,,11.061178100062534,7.975921700010076,RCUT2,True,0.01,3,18,18,18,189,411,189,348,0
RCUT2-t0.5,16,1,certified,4,4,32.96897794655524,33.53549783769995,0.00734640870516734,21.65492064668797,22.525189446518198,30.01083774655126,0.8270996776743903,0.10414114187699093,0.0,12.504655988932049,1.3595987672971177,0.0,0.1812798356396157,12.10025009311978,True,0,0,2274,0,18,15,0,0,13.286298298742622,31.2214288986288,58,28.150875600753352,919,43.97379520279355,207,3.7708029963541776,31,13.018978800158948,27,15.131896800594404,0,0.0,0,0.0,20,13.352385100442916,438,19.763605199521407,20,0.4489936998579651,648,14.179614199325442,,37.37175580020994,,,12.233554999809712,8.015724599827081,RCUT2,True,0.005,3,18,18,18,207,447,207,376,0
RCUT2-t2,16,1,certified,4,4,31.90340687171556,32.525515537709,0.007836804745507742,21.398005071794614,22.28645077184774,28.907775371801108,0.8150851581508516,0.11026709139916688,0.0,12.520619379556218,1.3595987672971177,0.0,0.1812798356396157,12.10025009311978,True,0,0,2274,0,18,15,0,0,11.21784729952924,25.18648259807378,58,27.99265650031157,764,38.66745859826915,160,2.925395199796185,31,13.002005799673498,27,14.99065070063807,0,0.0,0,0.0,20,13.306416099891067,376,16.860538897803053,20,0.4566810999531299,508,10.969217700418085,,37.11304500000551,,,10.185658999951556,7.970528000034392,RCUT2,True,0.02,3,18,18,18,160,354,160,314,0
